Timestamp,OUTDOOR,common_baseline_c,split,2FCORRIDOR_actual_c,2FCORRIDOR_predicted_c,3FCORRIDOR_actual_c,3FCORRIDOR_predicted_c,4FCORRIDOR_actual_c,4FCORRIDOR_predicted_c
2026-05-09T00:00:00,19.9,19.9,train,22.4,23.7398915607527,23.3,24.571749695050205,24.392,25.429457939762802
2026-05-09T01:00:00,19.1,19.584,train,22.28166667,23.666395443709362,23.1,24.51771404213122,24.058,25.35652375783619
2026-05-09T02:00:00,17.9,18.91882,train,22.132,23.511686117333134,22.93866667,24.403968992736758,23.85883334,25.20299730488067
2026-05-09T03:00:00,15.5,17.568386099999998,train,22.0,23.197598623745495,22.7,24.17304627909616,23.55,24.891311255062742
2026-05-09T04:00:00,13.7,16.040373590499996,train,21.7,22.842209426777462,22.5,23.91175781827588,23.37983334,24.53863928558802
2026-05-09T05:00:00,13.1,14.878926022252498,train,21.5,22.572076874829296,22.6,23.713151559790376,23.52016667,24.27057210761085
2026-05-09T06:00:00,14.2,14.61075024346276,train,21.38766667,22.509703841835247,22.6,23.667293796170245,23.55,24.208675965083756
2026-05-09T07:00:00,15.4,14.92250389729497,train,21.51233333,22.582212332438857,22.4,23.720603328558543,23.75,24.280630071744785
2026-05-09T08:00:00,16.7,15.624614857863456,train,21.61033333,22.745511159449467,22.44233333,23.840663531646815,23.7,24.44268035190545
2026-05-09T09:00:00,17.6,16.404891989007393,train,21.61,22.926990081464645,22.35766667,23.974090064049076,23.65,24.622771726070095
2026-05-09T10:00:00,17.9,16.99545965334947,train,21.8,23.06434587317508,22.6,24.07507648599706,23.75,24.759077325662183
2026-05-09T11:00:00,19.5,17.984753090276428,train,22.1,23.29443836124657,22.8,24.24424457711356,23.8,24.98741057726862
2026-05-09T12:00:00,20.2,18.85977561961724,train,22.1,23.497953418942743,22.945,24.393872468543154,23.75,25.1893696036763
2026-05-09T13:00:00,20.5,19.507664249868427,train,22.1,23.64864107274018,22.9,24.504660712702677,23.66283334,25.33890513287543
2026-05-09T14:00:00,20.8,20.018136871170398,train,22.895,23.767368147178882,23.0,24.591950970263806,23.85,25.45672444626338
2026-05-09T15:00:00,20.8,20.32697280705809,train,22.6,23.839198027214298,23.154,24.644761576088293,24.06683334,25.528005130863093
2026-05-09T16:00:00,20.7,20.474318548270148,train,22.6,23.873468090005307,23.34766667,24.66995753599723,24.15,25.56201317230509
2026-05-09T17:00:00,20.1,20.32646272170344,train,22.99633333,23.83907939021136,23.1,24.644674352052903,24.0,25.527887400932542
2026-05-09T18:00:00,19.4,19.96050994663058,train,22.6,23.753965124423104,23.24866667,24.582096829462472,24.1,25.44342390006636
2026-05-09T19:00:00,17.9,19.1466085177115,train,22.70066667,23.564665774164947,23.1,24.442920579072165,24.05,25.25557189092992
2026-05-09T20:00:00,16.1,17.943198153215455,train,22.60008333,23.284773403911245,23.0,24.237138728518318,23.98516667,24.9778195160675
2026-05-09T21:00:00,15.6,17.01763488269535,train,22.39966667,23.06950344675567,22.95,24.07886842585887,24.1,24.764195465571603
2026-05-09T22:00:00,15.4,16.378669104030685,train,22.50166667,22.920891093415715,23.0,23.969605979520164,24.1165,24.61671936953993
2026-05-09T23:00:00,14.7,15.715594807938563,train,22.9975,22.76667151723212,22.849,23.856221003181133,23.9,24.46367892225498
2026-05-10T00:00:00,14.6,15.27493485880283,train,22.40333333,22.664181659010627,22.75233333,23.78086863588115,23.85,24.361972678906763
2026-05-10T01:00:00,13.8,14.692335589575713,train,21.80333333,22.52867917774328,22.6,23.681244800745674,23.8,24.227506219754478
2026-05-10T02:00:00,12.6,13.865863031693307,train,21.90498339,22.336456001011534,22.45366667,23.539918901110234,23.68733334,24.036752739077425
2026-05-10T03:00:00,12.7,13.405347134174448,train,21.4,22.22934799371924,22.25366667,23.461171188445665,23.6,23.930463656008637
2026-05-10T04:00:00,12.3,12.96873501617554,train,21.39333333,22.127799590785735,22.2,23.38651099582411,23.538,23.829691669788712
2026-05-10T05:00:00,11.3,12.309584684786202,train,21.3,21.974492660706787,22.055,23.27379701313934,23.38133334,23.67755689071739
2026-05-10T06:00:00,13.0,12.582298734295652,train,21.09133333,22.037921216726122,22.0,23.320430816067894,23.4,23.740500485973296
2026-05-10T07:00:00,14.7,13.41879073424887,train,21.3,22.232474741834913,22.5,23.46347002929251,23.79166667,23.933566497697168
2026-05-10T08:00:00,17.7,15.109868394220566,train,21.68933333,22.62579006343826,23.0,23.752642451739593,24.17525,24.32387461701491
2026-05-10T09:00:00,20.7,17.317970378503443,train,22.3,23.139356271920803,23.3,24.13022546576627,24.65,24.83351421142694
2026-05-10T10:00:00,26.1,20.786872078994584,train,22.5,23.946162618095283,23.6,24.72340384645555,25.05,25.634151894050852
2026-05-10T11:00:00,29.6,24.268057607791725,train,22.7,24.755825969595453,23.7,25.31868274829312,25.4,26.43762473796725
2026-05-10T12:00:00,30.5,26.729674852713995,train,22.9,25.328355428926812,23.9,25.739616593438708,25.727,27.00577676320411
2026-05-10T13:00:00,31.1,28.45595328589197,train,23.1,25.729857839604787,23.9,26.034808309441026,25.923,27.40420937491737
2026-05-10T14:00:00,32.7,30.13235173796464,train,23.18433333,26.11975903215164,24.0,26.321470603460398,25.976,27.791129468857118
2026-05-10T15:00:00,31.8,30.79107280146861,train,23.3,26.272966121968732,24.1,26.43411118180826,26.3,27.943165171023225
2026-05-10T16:00:00,31.5,31.071099044888506,train,23.4,26.33809536741682,24.3,26.481995361864094,26.358,28.00779645261124
2026-05-10T17:00:00,30.4,30.806014922157544,train,23.5,26.27644139997832,24.3,26.436666268034273,26.4,27.946613877822898
2026-05-10T18:00:00,29.9,30.448139027905313,train,23.5,26.193205676525942,24.3,26.375469883192867,26.35,27.864014556371817
2026-05-10T19:00:00,29.0,29.876124111882717,train,23.78033333,26.060164932163495,24.26366667,26.27765596082996,26.25,27.731991012226477
2026-05-10T20:00:00,28.4,29.293055087689044,train,23.621,25.924553194041714,24.3,26.17795179811116,26.05,27.597416131573585
2026-05-10T21:00:00,25.5,27.79479832805187,train,23.6,25.576084668195925,24.2,25.92175153783497,25.95,27.251611919294614
2026-05-10T22:00:00,24.2,26.374852988471382,train,23.4,25.245830019863803,24.266,25.678942444374528,25.8,26.92388232523509
2026-05-10T23:00:00,21.8,24.567786058025185,train,23.32333333,24.825537606492848,24.2,25.369935984074008,25.7,26.50680337504924
2026-05-11T00:00:00,21.1,23.198010565105236,train,23.3,24.506951593990497,24.3,25.135705879288082,25.55,26.190653201001016
2026-05-11T01:00:00,20.4,22.09279639188867,train,23.4,24.249897954013655,24.2,24.946715469588487,25.35,25.935564936516055
2026-05-11T02:00:00,20.2,21.345141817092646,train,23.3,24.07600647256683,24.1,24.818867358490483,25.15,25.763002991021
2026-05-11T03:00:00,17.2,19.70781079934105,train,23.2,23.69519168737898,23.9,24.538885552830003,25.02116667,25.385099831771694
2026-05-11T04:00:00,16.6,18.480225533601338,train,23.0,23.409676654557824,23.8,24.328969820716175,24.93,25.101767783980904
2026-05-11T05:00:00,15.4,17.26353644782881,train,22.82766667,23.12669588413602,23.6,24.120917323408833,24.85,24.82095062217756
2026-05-11T06:00:00,17.3,17.27793955093643,train,22.9,23.130045796008755,23.7,24.123380238220477,24.96633334,24.82427492136224
2026-05-11T07:00:00,18.5,17.76065342831654,train,23.11377778,23.24231666825677,24.0,24.205923781059997,25.15,24.93568739525889
2026-05-11T08:00:00,21.1,19.079695324131507,train,23.3,23.54910292635767,24.2,24.431478496464607,25.35908334,25.240128033227855
2026-05-11T09:00:00,23.2,20.70721567109956,train,23.469,23.92763591974748,24.4,24.709782688196725,25.7114934,25.615766846756436
2026-05-11T10:00:00,24.7,22.284365481015236,train,23.8,24.29445360020458,24.7,24.979473573417753,26.15,25.979779920053627
2026-05-11T11:00:00,27.8,24.463041116014217,train,23.933,24.801175750424065,24.7,25.35202471403754,26.31716667,26.482627784364052
2026-05-11T12:00:00,29.1,26.2946398751886,train,24.0,25.227173841502278,24.8,25.665226090105858,26.401,26.905368787902603
2026-05-11T13:00:00,30.1,27.797757124489102,train,24.26533333,25.57677283290877,24.9,25.92225748877592,26.6,27.25229482245169
2026-05-11T14:00:00,30.9,29.023143060315906,train,24.5,25.861776339753035,25.1,26.131797137890295,26.75,27.535119255280506
2026-05-11T15:00:00,30.7,29.68550155149112,train,24.7,26.015829432132985,25.1,26.245059712374744,26.91566667,27.687994491660284
2026-05-11T16:00:00,30.6,30.04672843865213,train,24.8,26.099844538392436,25.27733333,26.306829113322962,27.0,27.771367236929223
2026-05-11T17:00:00,30.8,30.344270705384538,train,24.7,26.169047706940237,25.2,26.35770851412638,26.9,27.840041293298583
2026-05-11T18:00:00,28.7,29.694783776757646,train,24.7,26.01798831667289,25.3,26.246646962700115,26.9,27.69013686984469
2026-05-11T19:00:00,26.4,28.39334418493837,train,24.7,25.71529604906155,25.2,26.024102221945146,26.799,27.38975892061607
2026-05-11T20:00:00,25.0,27.052973231887712,train,24.7,25.40354902233084,25.3,25.794900261180167,26.6,27.080395442961184
2026-05-11T21:00:00,24.7,26.123548805292067,train,24.9,25.187381027267513,25.2,25.635969705072736,26.6,26.8658802207575
2026-05-11T22:00:00,24.2,25.363747027201697,train,24.6,25.01066431710211,25.3,25.506044435553374,26.5,26.690514647620137
2026-05-11T23:00:00,24.2,24.904066951457025,train,24.44366667,24.90375070745204,25.18133333,25.42743964749416,26.3,26.58441847587203
2026-05-12T00:00:00,22.6,23.9939605056315,train,24.3,24.69207573952707,25.0,25.271812444880368,26.053,26.374361928111203
2026-05-12T01:00:00,21.3,22.929846105907057,train,24.1,24.444581193737037,24.9,25.089850051305675,25.95,26.128759671085156
2026-05-12T02:00:00,20.5,21.97005689407377,train,23.94633333,24.22135087649073,24.8,24.925727150274003,25.85,25.90723612365779
2026-05-12T03:00:00,19.1,20.836384420914634,train,23.9,23.957678329730868,24.7,24.73187040254162,25.60366667,25.645579559092656
2026-05-12T04:00:00,18.4,19.874012574653353,train,23.7,23.733847336528232,24.7,24.567305873859414,25.54416667,25.423459928344965
2026-05-12T05:00:00,17.2,18.817777607665278,train,23.4,23.488185410075626,24.5,24.386690854628206,25.45,25.179676278852693
2026-05-12T06:00:00,18.6,18.731755452637493,train,23.2,23.468178149397644,24.5,24.371981160601546,25.4,25.15982198928144
2026-05-12T07:00:00,19.6,19.074712048845683,train,23.35066667,23.54794390299164,24.5,24.430626361864146,25.70933334,25.2389778714991
2026-05-12T08:00:00,20.6,19.677200789551637,train,23.5,23.68807233022018,24.7,24.53365127477675,26.0,25.37803490764905
2026-05-12T09:00:00,23.3,21.108206477678742,train,23.8,24.020899423714717,24.71233333,24.77835167569045,26.24433334,25.708317278522085
2026-05-12T10:00:00,24.7,22.52696491899564,train,24.2,24.35087802010476,25.0,25.020957810851456,26.45633334,26.035772931271843
2026-05-12T11:00:00,27.3,24.41231377599236,train,24.6,24.789377451311584,25.21133333,25.343350394610564,26.85,26.47091969244694
2026-05-12T12:00:00,29.6,26.46144983447538,train,24.9,25.265970943691315,25.5,25.693750409926903,27.05,26.943869255996884
2026-05-12T13:00:00,30.5,28.056677149857606,train,25.04533333,25.63699313825481,25.41,25.966532528727146,27.16416667,27.312054696612037
2026-05-12T14:00:00,31.5,29.41678967566385,train,25.356,25.953331712269893,25.6,26.199110276750023,27.35633334,27.625974615592472
2026-05-12T15:00:00,31.5,30.239657753776626,train,25.5,26.144716549549024,25.50866667,26.339819814303862,27.5,27.815896166575634
2026-05-12T16:00:00,31.0,30.53999294103486,train,25.54233333,26.214569302950807,25.6,26.39117680144957,28.1,27.885214841216317
2026-05-12T17:00:00,30.8,30.64269572932609,train,25.6,26.238456189498052,25.69266667,26.408738865442977,28.01133333,27.908919093892276
2026-05-12T18:00:00,30.7,30.665330916242283,train,25.6,26.24372074122872,25.7,26.412609457544118,27.9,27.914143394020403
2026-05-12T19:00:00,28.7,29.889025204326582,train,25.6,26.063165502417426,25.6,26.279862033467847,27.7,27.73496864078139
2026-05-12T20:00:00,28.2,29.22186024861758,train,25.6,25.9079945097845,25.7,26.165777558827337,27.6,27.580984051367654
2026-05-12T21:00:00,27.5,28.541725450413637,train,25.5,25.749806956828664,25.705,26.049475255365717,27.5,27.42400596558656
2026-05-12T22:00:00,27.1,27.97224389750025,train,25.43766667,25.61735542876871,25.9,25.952094535311947,27.4,27.292567132725686
2026-05-12T23:00:00,26.5,27.39070755798765,train,25.4,25.482100166509937,25.8,25.852652459990175,27.3,27.158346002399902
2026-05-13T00:00:00,24.5,26.248878072582528,train,25.3,25.21653044023503,25.8,25.657400872123045,27.1,26.89480676373627
2026-05-13T01:00:00,23.6,25.20257123391243,train,25.3,24.973177624164954,25.7,25.478483551929575,27.0,26.653314569677335
2026-05-13T02:00:00,21.5,23.740055596517017,train,25.16533333,24.63302186320379,25.699,25.22839498430019,26.9,26.31575956471432
2026-05-13T03:00:00,20.9,22.618233635892793,train,25.0,24.372105540039783,25.5,25.036564661195175,26.7,26.056838150266735
2026-05-13T04:00:00,20.3,21.70253134971514,train,24.8,24.159129076743056,25.5,24.879980576027403,26.6,25.84549005808099
2026-05-13T05:00:00,19.5,20.83253146657766,train,24.7,23.956782199405197,25.4,24.731211551581918,26.5,25.644690280381997
2026-05-13T06:00:00,20.6,20.740681537279485,train,24.7,23.935419499550385,25.40133333,24.715505314556005,26.59966667,25.623490915023204
2026-05-13T07:00:00,21.7,21.11961233005409,train,24.732,24.023552227072813,25.49866667,24.780302063918928,26.8,25.710949799130223
2026-05-13T08:00:00,23.5,22.059865459682726,train,24.9,24.242238790571395,25.697,24.94108431635121,27.1,25.92796433334985
2026-05-13T09:00:00,24.7,23.102718603108052,train,25.3,24.484788337053047,25.897,25.119411058451217,27.6,26.168659399442642
2026-05-13T10:00:00,27.6,24.87914475488037,train,25.7,24.89795423695655,26.1,25.42317797925304,27.997,26.578666323912753
2026-05-13T11:00:00,29.0,26.506882576702623,train,25.9,25.276537811224014,26.2,25.701519358946364,28.297,26.95435533158874
2026-05-13T12:00:00,30.1,27.92616395890509,train,26.02666667,25.60663803459042,26.30566667,25.94421491642443,28.49533333,27.281931681381806
2026-05-13T13:00:00,31.3,29.25882919513758,train,26.32666667,25.916592845292108,26.5,26.17209920807713,27.52833334,27.58951664589653
2026-05-13T14:00:00,32.8,30.657591663058234,train,26.4,26.241920725222887,26.6,26.411286053750114,28.13433334,27.912357140540337
2026-05-13T15:00:00,32.5,31.385342956150232,train,26.62533333,26.411183048689757,26.59333333,26.535730725537647,28.44666667,28.08032532157736
2026-05-13T16:00:00,32.5,31.825632488470887,train,26.7,26.513586754387212,26.608,26.611019751969106,28.485,28.181946071104758
2026-05-13T17:00:00,32.8,32.210507655524886,train,26.776,26.603102040225426,26.608,26.676832982804758,28.65,28.270776942791315
2026-05-13T18:00:00,31.6,31.96935713159256,train,26.7,26.547014612592537,26.7,26.63559650808185,28.55,28.215118347271762
2026-05-13T19:00:00,29.9,31.151961064613495,train,26.6,26.356902470157543,26.6,26.49582267842165,28.45,28.02645976038838
2026-05-13T20:00:00,27.6,29.748936444091164,train,26.6,26.03058328748477,26.7,26.25590700933515,28.4,27.702635542284924
2026-05-13T21:00:00,27.5,28.860606548675154,train,26.7,25.823973167337325,26.9,26.104003572922945,28.337,27.497605117591505
2026-05-13T22:00:00,27.4,28.28366696194847,train,26.5,25.689787030017705,26.8,26.005347537278688,28.05,27.36444493791116
2026-05-13T23:00:00,27.4,27.934618511978822,train,26.6,25.608604416939336,26.8,25.945660635713914,28.05716667,27.283883029204553
2026-05-14T00:00:00,26.4,27.32844419974719,train,26.6,25.467618789722746,26.8,25.842005494118492,27.95,27.14397534702879
2026-05-14T01:00:00,25.2,26.48770874084705,train,26.5,25.2720783096917,26.7,25.698240654074787,27.85,26.949929926422534
2026-05-14T02:00:00,24.6,25.742063788212462,train,26.5,25.098654231490414,26.8,25.57073618615911,27.75,26.77783181051079
2026-05-14T03:00:00,23.9,25.01444859186854,train,26.5,24.929423561765713,26.7,25.44631478676601,27.73916667,26.609895041198396
2026-05-14T04:00:00,23.7,24.495241398080466,train,26.4,24.808664977321435,26.7,25.357530926903443,27.5,26.490059750282747
2026-05-14T05:00:00,23.2,23.98362104583868,train,26.08566667,24.68967096058056,26.5,25.270044408612222,27.34966667,26.371975535574645
2026-05-14T06:00:00,22.7,23.476590732732404,train,25.6,24.571744507300245,26.383,25.18334278197167,26.95,26.25495072197211
2026-05-14T07:00:00,22.7,23.169837393303105,train,25.6,24.500399003065652,26.1,25.130888297854135,26.98933334,26.18415070974258
2026-05-14T08:00:00,22.7,22.984251622948378,train,25.6,24.45723497300372,26.01833333,25.099153334963027,26.56116667,26.141316702343712
2026-05-14T09:00:00,24.2,23.464472231883768,train,25.511,24.56892595427252,25.9,25.181270531637,26.69116667,26.252153718979795
2026-05-14T10:00:00,25.1,24.11050570028968,train,26.00966667,24.719182129613895,26.4,25.29174154515861,27.188,26.401261068712067
2026-05-14T11:00:00,26.7,25.133355948675256,train,26.4,24.957079349782106,26.6,25.466647814177158,27.55,26.637339379153314
2026-05-14T12:00:00,28.1,26.305180348948532,train,26.59166667,25.22962537280972,26.7,25.667028499541598,27.7,26.907801575341843
2026-05-14T13:00:00,30.0,27.764634111113864,train,26.7,25.569068994719355,26.82066667,25.91659348986967,27.6925,27.244649886111606
2026-05-14T14:00:00,30.7,28.924103637223887,train,26.8,25.83874148838761,26.9,26.114861505322267,27.9865,27.5122605233131
2026-05-14T15:00:00,31.6,29.981082700520453,train,27.1,26.084576478730657,26.8,26.295603764204944,28.1365,27.75621591348744
2026-05-14T16:00:00,31.5,30.581055033814877,train,27.0,26.224119633257786,26.72333333,26.39819837421409,28.08533334,27.894692151802094
2026-05-14T17:00:00,31.2,30.825538295458003,train,27.1,26.280982197855444,26.7,26.440004743425007,28.2,27.95111995775998
2026-05-14T18:00:00,29.7,30.380950668752092,train,27.1,26.177578829980767,26.8,26.363980747574516,28.05,27.848507189252096
2026-05-14T19:00:00,28.2,29.519475154595014,train,27.1,25.977214572960325,26.7,26.21666938086187,28.0445,27.64967487319243
2026-05-14T20:00:00,26.8,28.44528246852998,train,27.1,25.727375992637114,26.9,26.0329836113925,27.7055,27.401746503604762
2026-05-14T21:00:00,25.5,27.281895893460636,train,26.9,25.456792461346147,26.9,25.83404578487018,27.46183334,27.133231794373476
2026-05-14T22:00:00,24.5,26.183047015543686,train,26.7,25.201219278610935,26.827,25.64614383367545,27.58283334,26.87961266788028
2026-05-14T23:00:00,23.9,25.281243444403927,train,26.50066667,24.99147541527363,26.6,25.491936413513397,27.47883334,26.67147245990694
2026-05-15T00:00:00,23.2,24.459152283864377,train,26.30066667,24.800271275541636,26.6,25.351359728011246,27.068,26.481730224897284
2026-05-15T01:00:00,22.8,23.80378713173795,train,26.00066667,24.64784471248211,26.42833333,25.23929300682295,26.99666667,26.330469081753133
2026-05-15T02:00:00,21.9,23.05179121470146,train,25.60233333,24.472943510157343,26.22966667,25.110702530970176,26.65,26.156905135483484
2026-05-15T03:00:00,21.5,22.438833684894384,train,25.10233333,24.330380224229188,25.92966667,25.005887466619757,26.36866667,26.01543185702704
2026-05-15T04:00:00,20.6,21.712494379361104,train,24.9,24.161446304568898,25.9,24.881684243153895,26.2695,25.847789568893454
2026-05-15T05:00:00,20.1,21.07555909951347,train,24.7,24.013306210022336,25.8,24.772769009882683,26.3695,25.7007821208685
2026-05-15T06:00:00,20.3,20.76921325520565,train,24.7,23.9420554820825,25.9,24.720384206983347,26.32016667,25.630076160295054
2026-05-15T07:00:00,20.6,20.702374019399418,train,24.7,23.92650983557015,25.632,24.708954771073866,26.27016667,25.6146493723706
2026-05-15T08:00:00,20.9,20.780436281736648,train,24.80666667,23.94466576332143,25.6,24.72230333219325,26.15,25.632666483898788
2026-05-15T09:00:00,21.3,20.98566395045067,train,24.9,23.992398158132627,25.53333333,24.75739703812997,26.24933334,25.680033927336645
2026-05-15T10:00:00,21.8,21.307326690022656,train,25.1,24.067211330145486,25.63466667,24.81240101329605,26.15,25.754275094320683
2026-05-15T11:00:00,22.1,21.62043264746371,train,25.2,24.14003434310452,25.6,24.865941788116146,26.072,25.826541318568506
2026-05-15T12:00:00,22.2,21.84936175171554,train,25.1,24.19327928057515,25.6,24.90508841349718,26.0,25.87937915697926
2026-05-15T13:00:00,22.3,22.027363859787904,train,25.2,24.234679482375302,25.6,24.935526578467577,26.2,25.9204628219586
2026-05-15T14:00:00,22.3,22.135055135171683,train,25.4,24.25972660446439,25.8,24.953941668274666,26.22616667,25.945318439271098
2026-05-15T15:00:00,23.4,22.634708356778866,train,25.68866667,24.37593727426288,25.9,25.03938182037156,26.47483333,26.06064058789425
2026-05-15T16:00:00,23.3,22.897498555851215,train,25.8,24.437057714860554,26.03833333,25.084318655775306,26.5,26.121293715070433
2026-05-15T17:00:00,23.7,23.214486626289982,train,25.8,24.510783639943813,25.96166667,25.138523267654065,26.54784053,26.194455947975328
2026-05-15T18:00:00,23.8,23.44576440890544,train,25.8,24.5645748392496,26.1,25.17807151445559,26.4,26.247835871623618
2026-05-15T19:00:00,23.0,23.26968746738779,train,25.615,24.523622397786266,26.06033333,25.147962550851524,26.49732442,26.207196543504217
2026-05-15T20:00:00,22.8,23.084160917769612,train,25.6,24.48047214144011,26.0,25.11623771464132,26.35266667,26.16437620451033
2026-05-15T21:00:00,22.5,22.853417355250617,train,25.5,24.426805192459437,25.9,25.076780818889528,26.34651163,26.111119581196547
2026-05-15T22:00:00,22.1,22.555817499926626,train,25.418,24.35758862980446,25.942,25.025891570500203,26.22633334,26.042432233128405
2026-05-15T23:00:00,22.0,22.33626958745561,train,25.5,24.30652559476778,25.8,24.988349118609786,26.29583334,25.991759614806348
2026-05-16T00:00:00,21.9,22.16394310041064,train,25.3,24.26644544394017,25.94333333,24.95888147860121,26.35,25.951985907980678
2026-05-16T01:00:00,21.7,21.98068557574844,train,25.2,24.223822923428635,25.9,24.92754464316628,26.35,25.909689269869496
2026-05-16T02:00:00,21.6,21.830314773327807,train,25.1,24.188849283888736,25.9,24.90183140111327,26.15,25.874983031071405
2026-05-16T03:00:00,21.4,21.660340437863322,train,24.9,24.149316202706263,25.7,24.872765976441453,26.1445,25.835752211116905
2026-05-16T04:00:00,20.8,21.320505964907312,train,24.824,24.070276600808363,25.8,24.81465465482577,26.15,25.757316928599476
2026-05-16T05:00:00,20.4,20.956906108768923,train,24.624,23.985709583138465,25.7,24.752479478788786,26.07383334,25.67339649171312
2026-05-16T06:00:00,20.3,20.6974281958052,train,24.5,23.925359522817757,25.6,24.708109040671538,26.0,25.613507854656053
2026-05-16T07:00:00,20.2,20.500944058462146,train,24.47466667,23.879660721693313,25.6,24.67451046899573,26.08066667,25.5681584564957
2026-05-16T08:00:00,20.2,20.382071155369598,train,24.673,23.852012947013023,25.5,24.65418333313187,25.9685,25.540722070608684
2026-05-16T09:00:00,20.8,20.54715304899861,train,24.6365,23.89040813111395,25.4,24.682412155623467,26.0,25.578823693592
2026-05-16T10:00:00,21.7,21.002527594644157,train,24.8,23.99632034916877,25.64966667,24.760280702764742,26.1425,25.683926130164345
2026-05-16T11:00:00,22.8,21.712529194759714,train,24.9,24.16145440202653,25.7,24.881690196548817,26.25,25.847797604439705
2026-05-16T12:00:00,22.4,21.984080162829628,train,24.9,24.2246124454838,25.7,24.928125113828692,26.2,25.910472755412993
2026-05-16T13:00:00,22.0,21.990368498511927,train,24.86933333,24.226075003253783,25.5,24.92920041232352,26.09116667,25.911924130788528
2026-05-16T14:00:00,21.7,21.875672941599717,train,24.8,24.19939880681337,25.5,24.909587598068278,26.05,25.885451894668243
2026-05-16T15:00:00,21.6,21.76678212966783,train,24.7,24.1740726933365,25.3,24.89096738882898,25.9405,25.86031941907465
2026-05-16T16:00:00,21.6,21.70090318844904,train,24.66633333,24.158750394682997,25.35366667,24.879702162239205,25.95,25.84511427134052
2026-05-16T17:00:00,21.4,21.58204642901167,train,24.73366667,24.13110637473679,25.3,24.859377786922643,25.97966667,25.81768161147972
2026-05-16T18:00:00,20.7,21.23363808955206,train,24.8,24.050072640256413,25.455,24.799800343552015,25.9,25.73726744307815
2026-05-16T19:00:00,20.1,20.785851044178997,train,24.7,23.945925143113282,25.3,24.723229250623547,25.8,25.63391623475024
2026-05-16T20:00:00,18.9,20.040939881728292,train,24.23733333,23.77267173177668,25.2,24.595850260023347,25.714,25.46198748082194
2026-05-16T21:00:00,18.7,19.511268628445617,train,23.96266667,23.6494793886572,24.9,24.50527705748048,25.65,25.33973703921366
2026-05-16T22:00:00,18.4,19.072317520209598,train,23.9,23.54738697717866,24.9,24.430216900097427,25.5,25.238425203818174
2026-05-16T23:00:00,18.3,18.767252099726807,train,23.7,23.47643405360373,24.7,24.378051048265807,25.4,25.168014770663078
2026-05-17T00:00:00,18.1,18.50368752033472,train,23.74033333,23.41513350558006,25.1,24.332981794677927,25.53783334,25.10718291312259
2026-05-17T01:00:00,17.9,18.265230949802504,train,23.54033333,23.359672644764906,24.9,24.292205983027518,25.337,25.05214609382894
2026-05-17T02:00:00,17.7,18.041964724630517,train,23.4,23.3077447947109,24.9,24.254027703749273,25.41116667,25.000615272674633
2026-05-17T03:00:00,17.6,17.867388658401463,train,23.4,23.26714143079781,24.8,24.224175388171062,25.38633334,24.96032235313545
2026-05-17T04:00:00,17.4,17.682770138332884,train,23.3,23.224202366369557,24.8,24.192605824016496,25.2895,24.91771159133259
2026-05-17T05:00:00,17.1,17.452575933691396,train,23.3,23.170663188499212,24.7,24.153242867858367,25.43566667,24.86458176221938
2026-05-17T06:00:00,17.3,17.392308439883294,train,23.3,23.15664601514849,24.76233333,24.142937192612447,25.5,24.85067176108754
2026-05-17T07:00:00,17.3,17.355846606129393,train,23.3,23.148165625271297,24.76233333,24.13670225908866,25.635,24.84225621040278
2026-05-17T08:00:00,17.6,17.452287196708284,train,23.1,23.170596033286852,24.5,24.15319349415139,25.1,24.86451512046098
2026-05-17T09:00:00,17.6,17.510633754008513,train,23.0,23.184166430136262,24.3,24.163170691364343,25.1,24.877981761046186
2026-05-17T10:00:00,18.0,17.70393342117515,train,23.1,23.229124578751826,24.4,24.19622472213767,25.15,24.922596169563548
2026-05-17T11:00:00,18.3,17.939379719810965,train,23.2,23.28388530255549,24.4,24.236485780600155,25.23366667,24.976938204939025
2026-05-17T12:00:00,18.4,18.121324730485632,train,23.25033333,23.32620255508713,24.4,24.26759817758483,25.15,25.01893190908202
2026-05-17T13:00:00,18.5,18.270901461943808,train,23.2,23.360991507499186,24.4,24.29317563437543,25.176,25.053454872829356
2026-05-17T14:00:00,18.7,18.440395384476005,train,23.2,23.400412852969314,24.36733333,24.32215890896349,25.083,25.09257481137815
2026-05-17T15:00:00,18.5,18.463939207607982,train,23.152,23.40588873771791,24.3,24.32618487685952,25.13866667,25.098008828718516
2026-05-17T16:00:00,18.3,18.39918322060283,train,23.2,23.390827618729972,24.4,24.31511167420687,25.06216667,25.083062863727783
2026-05-17T17:00:00,18.2,18.320505848464713,train,23.1,23.372528627111855,24.23133333,24.301657929987147,25.03166667,25.064903782167566
2026-05-17T18:00:00,18.2,18.272906038321153,train,23.055,23.361457737182892,24.3,24.293518414734216,25.29516667,25.053917537823633
2026-05-17T19:00:00,18.1,18.2046081531843,train,23.045,23.345572834145454,24.2,24.281839551391318,25.08089701,25.038154087254725
2026-05-17T20:00:00,18.1,18.1632879326765,train,23.1,23.335962467807803,24.4,24.274773839068864,25.15,25.028617199660538
2026-05-17T21:00:00,18.1,18.138289199269284,train,23.1,23.330148196173525,24.5,24.27049908311378,25.33016667,25.022847382666054
2026-05-17T22:00:00,18.1,18.123164965557915,train,23.15866667,23.326630561834786,24.5,24.267912855760954,25.3,25.01935664338439
2026-05-17T23:00:00,18.1,18.11401480416254,train,23.2,23.32450239305985,24.47233333,24.266348188212493,25.1795,25.017244746118987
2026-05-18T00:00:00,17.8,17.989978956518335,train,23.1,23.295653807059757,24.37366667,24.245138194501056,25.15,24.988616730050936
2026-05-18T01:00:00,17.7,17.875437268693595,train,22.9,23.26901339789929,24.2,24.225551691690764,25.07883334,24.962180007588938
2026-05-18T02:00:00,17.3,17.648139547559623,train,22.8,23.216147891835533,24.2,24.186684031031046,25.0,24.909718699536125
2026-05-18T03:00:00,17.1,17.431624426273572,train,22.837,23.165790231406127,24.075,24.14966018310217,25.02816667,24.859746062682518
2026-05-18T04:00:00,16.9,17.22163277789551,train,22.8,23.1169498175855,24.1,24.11375184187545,25.05,24.811279071904433
2026-05-18T05:00:00,16.6,16.976087830626785,train,22.8,23.05984032333277,24.0,24.07176392558867,25.0275,24.754606224261213
2026-05-18T06:00:00,16.7,16.867033137529205,train,22.8,23.034476093940285,24.0,24.053115692850042,25.00033334,24.729435924177892
2026-05-18T07:00:00,17.0,16.91955504820517,train,22.834,23.046691779049084,24.0,24.06209688188779,25.17683334,24.74155821084996
2026-05-18T08:00:00,17.2,17.030330804164127,train,23.03266667,23.07245629780074,24.17933333,24.08103941448537,24.97416667,24.767125739768215
2026-05-18T09:00:00,20.2,18.282350136519295,train,23.3,23.36365427055802,24.32066667,24.2951333451531,25.27616667,25.056097276988556
2026-05-18T10:00:00,22.9,20.106321832594173,train,23.9,23.78787843909744,24.7,24.607030501808644,25.6,25.47707792100918
2026-05-18T11:00:00,25.4,22.197324708719474,train,24.2,24.274209426824225,24.81966667,24.964589696957077,25.87366667,25.959690529162323
2026-05-18T12:00:00,26.1,23.73888144877528,train,24.4,24.63274877681185,25.1,25.228194206325988,26.1255,26.31548856628076
2026-05-18T13:00:00,27.3,25.145523276509046,train,24.6,24.959909259119378,25.2,25.468728413872658,26.4,26.640147651627334
2026-05-18T14:00:00,29.1,26.707541582287973,train,24.8,25.32320761426294,25.4,25.735831828506104,26.57483334,27.00066830759689
2026-05-18T15:00:00,28.5,27.415562657284223,train,25.0,25.487881031342294,25.4,25.8569026546701,26.8,27.16408266801351
2026-05-18T16:00:00,28.4,27.804415407656954,train,25.2,25.578321434044884,25.58433333,25.92339604788445,26.9,27.25383158332474
2026-05-18T17:00:00,29.7,28.55317132163246,train,25.12633333,25.752469067875378,25.5,26.051432486772477,27.0235,27.42664772271878
2026-05-18T18:00:00,27.4,28.097668649587636,train,25.1,25.646527049843225,25.6,25.973542030157653,26.92166667,27.32151571401316
2026-05-18T19:00:00,25.5,27.07158953300052,train,25.0,25.407878850955843,25.5,25.7980836282231,26.77275748,27.084692166670557
2026-05-18T20:00:00,24.1,25.897811667465316,train,24.9,25.134878485803135,25.5,25.597368902444472,26.52733334,26.813779102156712
2026-05-18T21:00:00,22.7,24.634676058816517,train,24.8,24.8410950600599,25.4,25.38137410074018,26.3,26.52224187975426
2026-05-18T22:00:00,22.2,23.67297901558399,train,24.67833333,24.617421014333157,25.388,25.21692496263472,26.14383334,26.300277996496646
2026-05-18T23:00:00,21.5,22.814652304428314,train,24.57833333,24.417789114255555,25.188,25.070152037776804,26.01483333,26.102172437940002
2026-05-19T00:00:00,20.6,21.93986464417913,train,24.4,24.21432868303485,25.1,24.92056430870391,25.94283334,25.900267620345794
2026-05-19T01:00:00,19.6,21.015618109728376,train,24.3,23.99936497584215,24.9,24.762519166466078,25.81333334,25.686947478293035
2026-05-19T02:00:00,18.7,20.100948956385665,train,24.1,23.78662880131681,24.8,24.60611174587833,25.6,25.475837837683674
2026-05-19T03:00:00,18.9,19.626574118613327,train,24.0,23.67629744498981,24.7,24.52499416965249,25.66983334,25.366350050596665
2026-05-19T04:00:00,19.3,19.497577341761062,train,23.917,23.646295032933647,24.8,24.50293586249535,25.65,25.33657703037233
2026-05-19T05:00:00,19.3,19.419534291765444,train,23.9,23.62814357363967,24.7,24.48959058666528,25.65,25.31856435313661
2026-05-19T06:00:00,19.8,19.569818246518093,train,23.9,23.6630970139189,24.793,24.51528897786245,25.6,25.353250547113127
2026-05-19T07:00:00,20.0,19.73974003914345,train,24.01466667,23.702617874548668,24.7,24.544345417766486,25.71839465,25.392469239950575
2026-05-19T08:00:00,20.7,20.119042723681787,train,24.1,23.7908370976426,24.79433333,24.60920576021254,25.55,25.48001395830302
2026-05-19T09:00:00,22.1,20.901520847827484,train,24.2,23.972827932440275,24.8,24.743008660000623,25.81777409,25.66061333127782
2026-05-19T10:00:00,23.5,21.92792011293563,train,24.6,24.21155059231871,25.09566667,24.918521806980635,26.01766667,25.897510770299146
2026-05-19T11:00:00,24.7,23.022891668326057,train,24.7,24.466221977110173,25.2,25.105760740282022,26.4,26.150234993796964
2026-05-19T12:00:00,25.1,23.843349459337265,train,25.1,24.657046223430676,25.49666667,25.24605812138885,26.5,26.339600239976452
2026-05-19T13:00:00,25.6,24.537226422899046,train,25.1,24.81842996560667,25.5,25.364710320032845,26.7,26.499750077619176
2026-05-19T14:00:00,26.7,25.39152198585392,train,25.2,25.017124290557735,25.698,25.510793922976067,26.92533333,26.696925229542117
2026-05-19T15:00:00,26.4,25.789870801441623,train,25.3,25.10977331326188,25.7,25.578911132912097,27.0,26.788865878233015
2026-05-19T16:00:00,26.4,26.03087183487218,train,25.4,25.165825971997883,25.8,25.620122044923395,27.1,26.844489970691008
2026-05-19T17:00:00,26.2,26.09767746009767,train,25.3,25.181363801272333,25.7,25.631545733460484,27.02666667,26.85990900114644
2026-05-19T18:00:00,25.3,25.782594863359094,train,25.5,25.10808105630962,25.70066667,25.577666955491566,26.9,26.78718655990454
2026-05-19T19:00:00,24.3,25.196969892332255,train,25.3,24.971874849303003,25.6,25.47752572867164,26.8,26.652021755544922
2026-05-19T20:00:00,22.8,24.250166784861015,train,25.3,24.75166487460774,25.602,25.31562343722249,26.7,26.433495457794958
2026-05-19T21:00:00,22.7,23.637850904840914,train,25.2,24.609250825286686,25.5,25.21091809428088,26.5,26.2921702749154
2026-05-19T22:00:00,22.1,23.030399797428753,train,25.2,24.467968237664945,25.6,25.10704462211197,26.4,26.15196790282831
2026-05-19T23:00:00,21.8,22.544391877444397,train,25.1,24.35493122826254,25.4,25.02393780160516,26.1,26.039795149493138
2026-05-20T00:00:00,21.3,22.05285708585386,train,24.5,24.240608764421996,25.4,24.939885892124174,25.86666667,25.926346770021226
2026-05-20T01:00:00,20.6,21.478978536941582,train,24.402,24.107134571385547,25.19566667,24.841753290584066,25.7,25.793893091254937
2026-05-20T02:00:00,19.9,20.855282014849656,train,24.1,23.96207358218557,25.1,24.735101870348192,25.435,25.64994120641554
2026-05-20T03:00:00,19.8,20.43844561898404,train,24.00366667,23.86512466908917,25.0,24.663823304490613,25.4,25.553733543346883
2026-05-20T04:00:00,19.7,20.146759599485346,train,23.9,23.79728356203543,25.007,24.613945315531907,25.4,25.48641113444952
2026-05-20T05:00:00,19.5,19.891289557688637,train,23.8,23.737865663007085,24.907,24.570260218982142,25.5,25.42744753158496
2026-05-20T06:00:00,19.9,19.894730182401624,train,23.9,23.738665892616602,25.0,24.570848562029028,25.5,25.42824164281521
2026-05-20T07:00:00,20.5,20.133811760352984,train,23.9,23.794272119312865,24.8,24.61173124926163,25.4,25.48342271655447
2026-05-20T08:00:00,20.9,20.436456115013556,train,24.2,23.864661944985777,24.9,24.663483101496848,25.2,25.553274357130025
2026-05-20T09:00:00,21.3,20.777555949583203,train,24.3,23.943995848039556,24.9,24.721810798558646,25.6,25.632001690641545
2026-05-20T10:00:00,21.9,21.220921349497836,train,24.5,24.047114947169597,25.11066667,24.797625794970273,25.841,25.734332363860972
2026-05-20T11:00:00,22.6,21.765657416446192,train,24.7,24.173811104556194,25.2,24.890775064103416,25.959,25.860059830344515
2026-05-20T12:00:00,22.9,22.213722736949947,train,24.9,24.278023323666336,25.412,24.967393741773588,26.0,25.963475265789533
2026-05-20T13:00:00,23.4,22.68230225585472,train,24.9,24.38700678938006,25.3,25.047520324838406,26.057,26.071625467937906
2026-05-20T14:00:00,23.9,23.163292864792105,train,25.1,24.49887685928895,25.5,25.129769190666988,26.2,26.1826402039418
2026-05-20T15:00:00,23.3,23.217292183199223,train,25.1,24.511436163801324,25.4,25.13900301480404,26.0,26.195103482779203
2026-05-20T16:00:00,23.0,23.13146177083553,train,25.11533333,24.491473499140056,25.51433333,25.12432610856234,26.1,26.17529344825335
2026-05-20T17:00:00,22.9,23.040034371355496,train,25.11533333,24.470209072389572,25.5,25.108692123671236,25.846,26.15419160462438
2026-05-20T18:00:00,22.1,22.668720794670076,train,24.817,24.38384797716219,25.4,25.045197909893133,25.5,26.06849080730224
2026-05-20T19:00:00,21.5,22.207076080775394,train,24.6,24.276477426767123,25.2,24.966257170868147,25.5,25.96194118847739
2026-05-20T20:00:00,20.5,21.532781028869113,train,24.4,24.119648097473927,25.117,24.850953457609297,25.3,25.80631094168009
2026-05-20T21:00:00,20.1,20.966832522465815,train,24.3,23.98801829472988,24.9,24.7541768846282,25.1,25.675687551404412
2026-05-20T22:00:00,20.0,20.58493367609182,train,24.2,23.899195249439313,24.9,24.688872601359765,25.152,25.587543627546804
2026-05-20T23:00:00,19.9,20.31438487403555,train,24.2,23.836270292408102,24.8,24.64260905336749,25.124,25.525099780872125
2026-05-21T00:00:00,19.0,19.795202848791508,train,23.9,23.71551756173046,25.0,24.553829497298306,25.2,25.405270298966503
2026-05-21T01:00:00,18.0,19.08609772351886,train,23.72133333,23.550592013366312,24.9,24.432573299727718,25.2,25.241605735005336
2026-05-21T02:00:00,17.6,18.49908912272891,train,23.523,23.414063998084337,24.879,24.33219547373802,25.2,25.106121582845525
2026-05-21T03:00:00,17.4,18.06494891925099,train,23.3,23.313090519577905,24.7,24.257957975784507,25.1,25.005920125307185
2026-05-21T04:00:00,17.2,17.723294096146848,train,23.12433333,23.23362753582068,24.7,24.199535376292886,25.1,24.927064698014835
2026-05-21T05:00:00,15.9,17.003092928168844,train,22.92433333,23.06612124045213,24.5,24.076381767607106,25.0,24.76083911887222
2026-05-21T06:00:00,16.9,16.96237122154215,test,22.8,23.056650078058333,24.52333333,24.06941840050094,25.2,24.751440370899203
2026-05-21T07:00:00,18.4,17.530234589033,test,23.07433333,23.188725244266347,24.5,24.166522412624804,25.44086379,24.882505719487927
2026-05-21T08:00:00,20.1,18.545291926364968,test,23.5,23.424809968539293,24.5,24.340096102412584,25.4,25.116785391978155
2026-05-21T09:00:00,21.5,19.712401615450805,test,23.7,23.696259431550267,24.5,24.539670577342413,25.53933333,25.386159412206318
2026-05-21T10:00:00,22.3,20.734502977347738,test,24.1,23.933982473715247,24.8,24.71444878759394,25.7,25.622064876370967
2026-05-21T11:00:00,23.3,21.747874301295383,test,24.4,24.169675060529233,24.9,24.88773417094485,25.9,25.855955409598845
2026-05-21T12:00:00,24.2,22.716463952283704,test,24.7,24.39495220722545,25.3,25.053361937406002,26.1,26.07951013686915
2026-05-21T13:00:00,24.8,23.53946069113164,test,24.76966667,24.58636696875917,25.4,25.19409347580424,26.3,26.269461383312645
2026-05-21T14:00:00,25.3,24.234873718134644,test,24.9,24.748107972639154,25.5,25.31300833960954,26.4,26.42996575111509
2026-05-21T15:00:00,25.3,24.65559859947146,test,24.932,24.845961279986547,25.4,25.384951832211744,26.4,26.527070893635575
2026-05-21T16:00:00,25.0,24.79163715268023,test,25.0,24.877601487040465,25.5,25.408214275391458,26.5,26.558469186637986
2026-05-21T17:00:00,24.8,24.79494047737154,test,25.0,24.87836978304725,25.4,25.40877914028544,26.4,26.55923160842279
2026-05-21T18:00:00,24.3,24.599438988809784,test,25.0,24.83289952897927,25.531,25.375348600471934,26.33410982,26.514109009898466
2026-05-21T19:00:00,23.9,24.323160588229918,test,25.0,24.768641966746472,25.4,25.32810529742527,26.2,26.450342746827943
2026-05-21T20:00:00,23.0,23.8005121558791,test,24.8,24.64708300992187,25.4,25.238732989548183,26.17033333,26.329713203002836
2026-05-21T21:00:00,22.6,23.326309854306857,test,24.7,24.53679178252132,25.3,25.157644916823052,26.0,26.22026523802534
2026-05-21T22:00:00,22.4,22.96041746185565,test,24.7,24.45169156068315,25.33333333,25.095077719594602,25.97166667,26.135815673732303
2026-05-21T23:00:00,22.0,22.58105256442267,test,24.6,24.36345786794939,25.2,25.0302067388119,25.77166667,26.048256596371708
2026-05-22T00:00:00,21.6,22.193536801475716,test,24.5,24.273328425323793,25.3,24.963941968978872,25.52666667,25.958816263605243
2026-05-22T01:00:00,21.4,21.88008976489281,test,24.5,24.200426083274472,25.2,24.910342870000143,25.6,25.886471316799877
2026-05-22T02:00:00,21.2,21.611454307760148,test,24.4,24.137946137073797,25.3,24.864406501888265,25.7,25.82446907850098
2026-05-22T03:00:00,20.9,21.33042985619489,test,24.3,24.07258472573114,25.13566667,24.816351629335962,25.47466667,25.759607406107666
2026-05-22T04:00:00,20.2,20.88391006299791,test,24.24233333,23.96873196945591,25.2,24.739997235137707,25.4,25.656548685123923
2026-05-22T05:00:00,19.9,20.495265588113735,test,24.2,23.878340008018142,25.1,24.673539456803145,25.4,25.56684784070628
2026-05-22T06:00:00,18.8,19.825635680808812,test,23.4,23.7225957104137,25.03833333,24.55903347814713,25.3,25.412294329684514
2026-05-22T07:00:00,18.0,19.104509586889332,test,22.65633333,23.554874293319674,24.63833333,24.43572170814126,25.1,25.245855273589733
2026-05-22T08:00:00,17.1,18.312728300068045,test,22.5,23.370719704304033,24.53966667,24.30032797775385,24.88,25.06310868998495
2026-05-22T09:00:00,17.1,17.83370062154117,test,23.20933333,23.25930617794957,24.3,24.218414770869465,24.8,24.95254700690406
2026-05-22T10:00:00,17.1,17.54388887603241,test,23.0,23.19190099450512,24.2,24.16885728070441,24.68133333,24.885657188640117
2026-05-22T11:00:00,17.1,17.368552769999607,test,22.84766667,23.151120858521224,24.0,24.138874999154556,24.6,24.845188848590436
2026-05-22T12:00:00,17.1,17.262474425849764,test,22.8,23.126448876250972,24.1,24.120735718816896,24.5,24.820705502860378
2026-05-22T13:00:00,17.1,17.198297027639107,test,22.6,23.111522326977468,23.8,24.10976145421261,24.383,24.805893078693693
2026-05-22T14:00:00,17.2,17.19896970172166,test,22.7,23.111678779297414,23.8,24.10987648074189,23.6,24.80604833481367
2026-05-22T15:00:00,19.0,17.910376669541606,test,23.0,23.277139696298498,23.95666667,24.231526290859815,24.41566667,24.97024417410114
2026-05-22T16:00:00,20.0,18.73577788507267,test,23.352,23.469113697388323,24.3,24.372668992129892,24.5,25.160750384278323
2026-05-22T17:00:00,21.3,19.748645620468967,test,23.5,23.7046891582431,24.3,24.545868262391636,24.41433333,25.394524687066266
2026-05-22T18:00:00,19.9,19.808430600383723,test,23.5,23.718594107234388,24.5,24.556091428291772,24.7,25.408323321881397
2026-05-22T19:00:00,18.8,19.410100513232152,test,23.35366667,23.62594944043953,24.3,24.48797742089775,24.6,25.31638699579546
2026-05-22T20:00:00,17.3,18.57661081050545,test,23.0,23.43209419757238,24.2,24.345451597201272,24.411,25.12401392740107
2026-05-22T21:00:00,17.2,18.032849540355798,test,22.9,23.305624761007337,23.94733333,24.25246901725003,24.5,24.998511448281636
2026-05-22T22:00:00,18.1,18.059373971915257,test,22.9,23.31179388355924,23.9,24.257004665913385,24.3,25.00463340308182
2026-05-22T23:00:00,18.5,18.23342125300873,test,22.8,23.352274261224814,23.8,24.286766559814204,24.10996678,25.044804276699235
2026-05-23T00:00:00,18.5,18.33871985807028,test,22.5,23.376764889712486,24.14966667,24.304772505624204,24.3,25.069107655237772
2026-05-23T01:00:00,18.2,18.28392551413252,test,22.458,23.364020676056274,24.1,24.29540273299463,24.3,25.056460881031107
2026-05-23T02:00:00,18.2,18.250774936050174,test,22.4,23.356310426794266,24.2,24.28973402055374,24.5,25.048809582636075
2026-05-23T03:00:00,17.1,17.796218836310356,test,22.2,23.250588565056162,24.0,24.2120054267634,24.5,24.94389604695799
2026-05-23T04:00:00,16.7,17.363212395967764,test,21.861,23.149878780182938,24.1,24.13796180106075,24.5,24.84395626690944
2026-05-23T05:00:00,15.7,16.706243499560497,test,21.6,22.997079214030464,23.85233333,24.02562084136192,24.4,24.6923249725718
2026-05-23T06:00:00,16.9,16.7827773172341,test,21.8,23.014879652073223,24.0,24.0387080401226,24.5,24.70998931238745
2026-05-23T07:00:00,18.8,17.57958027692663,test,22.1,23.200202195067025,24.04633333,24.174960471055403,25.003,24.893894920051622
2026-05-23T08:00:00,19.7,18.41714606754061,test,22.836,23.395005465252034,24.3,24.318183301303602,25.5,25.087208767355886
2026-05-23T09:00:00,21.1,19.47687337086207,test,23.0,23.641479648539807,24.14533333,24.499395506211986,25.6,25.331798463346537
2026-05-23T10:00:00,21.7,20.35500838937155,test,23.4,23.84571861721141,24.556,24.649555629870797,25.9,25.53447586586584
2026-05-23T11:00:00,22.9,21.36028007556979,test,23.63433333,24.079527368822745,24.7,24.821455984062855,25.9,25.766496967279938
2026-05-23T12:00:00,23.7,22.284469445719722,test,23.8,24.294477780590938,24.85733333,24.97949135126803,26.1,25.97980391556208
2026-05-23T13:00:00,24.3,23.08060401466043,test,23.9,24.4796448674932,24.8,25.1156294881164,26.19933333,26.163555255717732
2026-05-23T14:00:00,24.8,23.759765428869564,test,24.0,24.637606028221157,25.0,25.23176534398403,26.3,26.320308680216037
2026-05-23T15:00:00,25.2,24.328658084466085,test,24.2,24.76992058898324,25.0,25.329045363243438,26.4,26.45161159300082
2026-05-23T16:00:00,25.6,24.830838141101985,test,24.3,24.886718956765968,25.25966667,25.414917601354873,26.495,26.567516946198918
2026-05-23T17:00:00,25.7,25.1741570753667,test,24.3,24.96656898390494,25.2,25.473624762027164,26.5,26.646756457624594
2026-05-23T18:00:00,25.3,25.223865030596855,test,24.3,24.978130191802343,25.3,25.48212476777441,26.5,26.65822927107382
2026-05-23T19:00:00,24.8,25.056438343511097,test,24.2,24.939189649428187,25.161,25.453494988177123,26.30666667,26.619586459506472
2026-05-23T20:00:00,24.0,24.639145197824213,test,24.3,24.842134504248484,25.2,25.382138318601783,26.108,26.523273376581614
2026-05-23T21:00:00,23.3,24.11018284468365,test,24.2,24.71910703900184,25.1,25.29168633720459,26.1,26.401186552226285
2026-05-23T22:00:00,22.6,23.51366062103361,test,24.3,24.580366320114702,25.1,25.18968169215518,25.8,26.263506614305527
2026-05-23T23:00:00,22.4,23.073764675725332,test,24.3,24.478054155927147,25.0,25.11445996867054,25.7,26.161976706381814
2026-05-24T00:00:00,22.0,22.649627628813825,test,24.2,24.379407238072005,25.06466667,25.04193299950284,25.6,26.064084021124664
2026-05-24T01:00:00,21.5,22.195524715432363,test,24.2,24.273790779617556,25.0,24.964281900082018,25.6,25.95927508283995
2026-05-24T02:00:00,21.0,21.72329245283658,test,24.27866667,24.163957749100533,25.1,24.883530701858056,25.58737542,25.85028181147357
2026-05-24T03:00:00,21.0,21.437591933966132,test,24.2,24.09750876563773,24.9,24.834676226932558,25.4,25.78434088229691
2026-05-24T04:00:00,21.0,21.26474312004951,test,24.1,24.057307130642734,24.96733333,24.80511926960263,25.3,25.74444662014503
2026-05-24T05:00:00,21.0,21.16016958762995,test,24.1,24.03298514147076,24.8,24.787237310418025,25.2,25.720310591543143
2026-05-24T06:00:00,21.2,21.17590260051612,test,24.0,24.036644367282555,24.9,24.789927638341084,25.18333333,25.723941839720652
2026-05-24T07:00:00,21.6,21.343421073312257,test,24.0,24.07560625742036,24.8,24.818573113194027,25.217,25.762605835831355
2026-05-24T08:00:00,22.2,21.681769749353915,test,24.1,24.154300288736234,24.9,24.8764303651693,25.2,25.840698189923287
2026-05-24T09:00:00,22.9,22.162970698359118,test,24.2,24.26621928009526,24.86966667,24.958715198918448,25.3,25.95176147333469
2026-05-24T10:00:00,23.8,22.80959727250727,test,24.4,24.41661340154123,25.1,25.069287632870537,25.62,26.101005714466034
2026-05-24T11:00:00,24.4,23.437806349866896,test,24.5,24.562723932798544,25.1,25.17671069510079,25.9,26.245999116795453
2026-05-24T12:00:00,26.4,24.60787284166947,test,24.71366667,24.834861096817566,25.4,25.376790780047553,26.3,26.516055580021284
2026-05-24T13:00:00,27.8,25.86876306921003,test,24.9,25.12812228587492,25.47233333,25.59240162404857,26.7,26.807074558644484
2026-05-24T14:00:00,29.0,27.105601656872068,test,25.0,25.415789480819626,25.6,25.80389966404766,26.92266667,27.092542313601438
2026-05-24T15:00:00,28.8,27.7748890024076,test,25.1,25.57145410450034,25.6,25.91834706501736,27.22266667,27.247016759868742
2026-05-24T16:00:00,28.7,28.1403078464566,test,25.2,25.656444187196755,25.775,25.98083328598916,27.3,27.331357027119637
2026-05-24T17:00:00,28.4,28.24288624710624,test,25.1,25.68030214333683,25.6,25.998374079832477,27.3,27.355032570583944
2026-05-24T18:00:00,27.7,28.028446179499277,test,25.19133333,25.63042710438866,25.776,25.961705063803574,27.2,27.305538865194066
2026-05-24T19:00:00,26.3,27.34570993859706,test,25.1,25.47163450099917,25.7,25.844957916497865,27.0,27.147960355061617
2026-05-24T20:00:00,25.6,26.656154512851224,test,25.1,25.311255873535607,25.8,25.7270446960738,26.5,26.9888079472457
2026-05-24T21:00:00,25.4,26.159973480274992,test,25.2,25.19585277465932,25.7,25.642198284487495,26.4,26.874287195035418
2026-05-24T22:00:00,25.1,25.74128395556637,test,25.3,25.09847285594791,25.87866667,25.57060283563316,26.3,26.77765182172572
2026-05-24T23:00:00,25.2,25.527476793117653,test,25.3,25.048745019757924,25.7,25.534042045691162,26.2,26.728304193614175
2026-05-25T00:00:00,24.2,25.00312345983618,test,25.2,24.926789532558807,25.7,25.444378201627522,26.1,26.607281151198425
2026-05-25T01:00:00,23.4,24.36988969320089,test,25.096,24.779510345760006,25.5,25.33609592305004,26.0,26.461128028610283
2026-05-25T02:00:00,22.6,23.67078326438654,test,24.9,24.61691032070339,25.5,25.216549491591675,25.8,26.299771207517846
2026-05-25T03:00:00,22.0,23.010823874953857,test,24.7,24.463415217761636,25.3,25.103697160870126,25.5,26.147449694311963
2026-05-25T04:00:00,21.8,22.532548444347086,test,24.5,24.352176651221036,25.4,25.021912587553846,25.6,26.03706163334075
2026-05-25T05:00:00,21.5,22.124691808829986,test,24.4,24.257316274572723,25.3,24.952169550852876,25.6,25.942926538230687
2026-05-25T06:00:00,21.3,21.798938544342143,test,24.4,24.181551717439657,25.4,24.896466100419044,25.6,25.867741260207445
2026-05-25T07:00:00,21.5,21.680857819326995,test,24.3,24.15408818963499,25.1,24.87627442613632,25.43533333,25.840487712485036
2026-05-25T08:00:00,21.7,21.68841898069283,test,24.4,24.155846784573995,25.185,24.877567376425016,25.3,25.84223286159463
2026-05-25T09:00:00,21.7,21.692993483319164,test,24.39733333,24.1569107345121,25.0,24.87834961134968,25.3,25.843288676805937
2026-05-25T10:00:00,21.6,21.656261057408095,test,24.5,24.148367409594233,25.1,24.87206840686423,25.23833333,25.834810672267952
2026-05-25T11:00:00,21.5,21.594537939731897,test,24.4,24.134011683388508,25.0,24.861513821535656,25.4,25.820564706781642
2026-05-25T12:00:00,21.6,21.596695453537798,test,24.5,24.13451348366446,25.18733333,24.861882754026745,25.5,25.821062670403254
2026-05-25T13:00:00,21.7,21.63750074939037,test,24.6,24.14400408746183,25.11266667,24.868860414798725,25.66,25.830480711135152
2026-05-25T14:00:00,22.0,21.780687953381175,test,24.6,24.17730694665049,25.18866667,24.893345269410393,25.54133333,25.863528944000436
2026-05-25T15:00:00,21.6,21.709316211795613,test,24.4,24.16070711793796,24.91133333,24.88114077999096,25.3,25.847056033920623
2026-05-25T16:00:00,20.9,21.389636308136346,test,24.20933333,24.086355119153957,24.9,24.82647586758809,25.2,25.77327251413655
2026-05-25T17:00:00,20.2,20.91972996642249,test,24.20933333,23.977063057476713,24.8,24.746122399280246,25.1,25.664816075481397
2026-05-25T18:00:00,19.8,20.477436629685606,test,24.2,23.87419330164031,24.891,24.670490724494506,25.1,25.562732839131726
2026-05-25T19:00:00,19.5,20.091349160959794,test,24.1,23.784396055468036,24.7,24.604470191404516,25.0,25.473622162917696
2026-05-25T20:00:00,19.3,19.778766242380676,test,23.9,23.711694692272975,24.7,24.551018855655325,24.9,25.401476658326555
2026-05-25T21:00:00,18.6,19.31315357664031,test,23.613,23.60340126512704,24.50766667,24.471399601222952,24.9,25.294011218863126
2026-05-25T22:00:00,18.4,18.952457913867388,test,23.6,23.519509712442915,24.59366667,24.409721039061623,24.8,25.2107610825061
2026-05-25T23:00:00,17.6,18.41823703788977,test,23.3,23.39525920602568,24.4,24.318369856035034,24.748,25.087460568083486
2026-05-26T00:00:00,17.4,18.01603340792331,test,23.01566667,23.30171362038242,24.695,24.2495934770742,24.95033333,24.99463021137615
2026-05-26T01:00:00,16.8,17.535700211793603,test,22.816,23.18999645328574,24.5,24.16745702811366,25.0,24.883767209123256
2026-05-26T02:00:00,16.5,17.126598628135127,test,22.9,23.094846523300998,24.59633333,24.09750110664791,25.0,24.789344774537774
2026-05-26T03:00:00,16.5,16.87909217002175,test,22.717,23.03728081566023,24.40366667,24.055177774161134,25.0,24.732219201613557
2026-05-26T04:00:00,16.5,16.729350762863156,test,22.7,23.00245356253756,24.5,24.029572158006637,25.0,24.697658229994403
2026-05-26T05:00:00,16.5,16.63875721153221,test,22.7,22.981383074398348,24.4,24.014080760233163,24.9,24.67674884216482
2026-05-26T06:00:00,17.8,17.097448112976984,test,22.67966667,23.08806661926955,24.4,24.09251640057356,25.1,24.782616708158663
2026-05-26T07:00:00,19.0,17.848956108351075,test,23.1,23.26285433948164,24.5,24.22102344235798,25.6,24.95606803997486
2026-05-26T08:00:00,20.2,18.7776184455524,test,23.8,23.47884508577496,24.6,24.379823682016028,25.7,25.170407368613574
2026-05-26T09:00:00,21.3,19.7739591595592,test,23.878,23.71057664821701,24.8,24.55019684977275,26.0,25.40036716258909
2026-05-26T10:00:00,22.2,20.732245291533317,test,24.176,23.93345737516821,25.09732441,24.714062725799423,26.2,25.621543792611718
2026-05-26T11:00:00,23.7,21.904508401377655,test,24.3,24.206105434429944,25.0,24.914518430018656,26.15766667,25.892107244887807
2026-05-26T12:00:00,24.0,22.73222758283348,test,24.4,24.398618554174547,25.19698997,25.056057500915912,26.2,26.08314845173732
