year,mon,day,hour,TEM,PRS,RHU,PRE_1h,WIN_S_Avg_2mi,WIN_D_Avg_2mi,diffuse,direct
2026,5,1,8,18.1,1005.6,57,0,1.3,37,206.8743984,161.1626016
2026,5,1,9,20.3,1005.9,49,0,1.2,36,195.694947,379.760053
2026,5,1,10,22.6,1006,39,0,1.1,30,225.8662383,465.9337617
2026,5,1,11,24.9,1005.7,36,0,0.9,26,176.1081011,674.0338989
2026,5,1,12,25.6,1005.2,31,0,0.4,90,210.7064816,637.7465184
2026,5,1,13,26.1,1004.7,26,0,0.6,137,315.5483446,401.7516554
2026,5,1,14,27.2,1003.8,26,0,1.5,163,369.7607372,171.5762628
2026,5,1,15,26.4,1003.2,27,0,1.3,161,320.5082326,55.59976738
2026,5,1,16,25.7,1002.7,30,0,1.3,161,225.6079222,15.28707778
2026,5,1,17,24.6,1002.4,35,0,1.1,161,165.6989102,16.6860898
2026,5,1,18,23.6,1002.8,37,0,1,161,46.88484791,0.753152092
2026,5,1,19,22,1003.1,41,0,0.9,165,1.192109179,0.010890821
2026,5,1,20,20.2,1003.7,44,0,0.7,168,0,0
2026,5,1,21,19.4,1003.7,46,0,0.4,127,0,0
2026,5,1,22,17.8,1004.1,50,0,0.4,74,0,0
2026,5,1,23,16.7,1004.1,51,0,0.7,57,0,0
2026,5,2,0,16.4,1003.8,51,0,0.6,47,0,0
2026,5,2,1,15.2,1003.7,51,0,0.5,31,0,0
2026,5,2,2,15.4,1003.3,51,0,0.5,13,0,0
2026,5,2,3,14.2,1002.9,59,0,0.4,19,0,0
2026,5,2,4,13.4,1002.8,66,0,0.3,30,0,0
2026,5,2,5,12.1,1002.6,75,0,0.3,45,0,0
2026,5,2,6,13.2,1002.7,67,0,0.3,47,19.85610745,0.206892549
2026,5,2,7,15.3,1002.7,62,0,0.3,43,146.9790235,31.54997648
2026,5,2,8,17.1,1002.8,53,0,0.4,43,203.4656316,14.81636842
2026,5,2,9,19.2,1002.3,46,0,1,354,304.4268332,81.39116681
2026,5,2,10,20.8,1002.1,41,0,1.5,354,310.5968906,288.7841094
2026,5,2,11,21.8,1002.1,37,0,2.6,338,301.8036614,410.1223386
2026,5,2,12,20.5,1002.1,40,0,2.8,0,393.3570198,236.0049802
2026,5,2,13,19.9,1002.3,45,0,3.8,9,401.3653457,73.20465435
2026,5,2,14,16.7,1003,50,0,5.9,14,377.7626131,91.85738685
2026,5,2,15,15.4,1002.9,62,0,3.7,22,254.9658379,9.6691621
2026,5,2,16,14.4,1003.2,71,0.1,2.9,26,155.5068558,2.954144231
2026,5,2,17,13.3,1003.2,80,0.2,2,37,117.7074929,2.527507062
2026,5,2,18,13.1,1003.7,72,0,2.2,33,47.50117061,0.762829385
2026,5,2,19,13.9,1004.2,66,0,2.1,33,0.570172281,0.001827719
2026,5,2,20,14.3,1004.5,55,0,2.1,33,0,0
2026,5,2,21,12.6,1005.2,63,0,1.5,29,0,0
2026,5,2,22,10.6,1005.5,70,0,0.8,34,0,0
2026,5,2,23,10.2,1006,76,0,0,0,0,0
2026,5,3,0,9.3,1005.7,82,0,0,25,0,0
2026,5,3,1,8.4,1005.3,86,0,0,326,0,0
2026,5,3,2,7.8,1004.7,92,0,0,0,0,0
2026,5,3,3,7.8,1004.5,90,0,0,259,0,0
2026,5,3,4,7.4,1004.4,91,0,0,255,0,0
2026,5,3,5,6.9,1004.4,95,0,0,0,0,0
2026,5,3,6,9.4,1004.6,88,0,0.2,14,56.08062753,5.298372468
2026,5,3,7,11.6,1005,84,0,0.7,8,120.0202402,138.2147598
2026,5,3,8,12.4,1005.1,73,0,1,14,172.4071105,246.0398895
2026,5,3,9,13,1005.2,68,0,1.2,31,168.1573139,442.3406861
2026,5,3,10,13.7,1005.2,64,0,1.4,39,162.3475709,607.8744291
2026,5,3,11,15.1,1005.4,58,0,1.6,51,285.6066238,7.746376161
2026,5,3,12,16.9,1004.8,42,0.1,2.3,34,320.9408482,413.4311518
2026,5,3,13,19.5,1004.3,31,0.1,3,28,156.9160509,796.3129491
2026,5,3,14,20.8,1004.4,22,0.1,3.6,26,147.9473355,699.8106645
2026,5,3,15,20.9,1004.2,19,0,3.5,25,145.7248565,555.1531435
2026,5,3,16,21.4,1004.1,17,0,2.9,29,110.2976753,455.9733247
2026,5,3,17,21.4,1004,17,0,2.7,34,79.97989068,308.0491093
2026,5,3,18,19.9,1004.7,18,0,1.9,36,76.35417345,87.31782655
2026,5,3,19,17.4,1005.3,22,0,1.3,29,2.408629607,0.026370393
2026,5,3,20,15.3,1006.1,28,0,0.3,45,0,0
2026,5,3,21,12.8,1006.6,34,0,0.1,356,0,0
2026,5,3,22,10.7,1007.7,44,0,0.2,242,0,0
2026,5,3,23,9.2,1008.1,57,0,0.3,238,0,0
2026,5,4,0,8.4,1007.9,58,0,0.2,241,0,0
2026,5,4,1,7.9,1008,59,0,0.1,200,0,0
2026,5,4,2,8.1,1007.8,64,0,0,0,0,0
2026,5,4,3,7.5,1008,69,0,0.1,199,0,0
2026,5,4,4,7.1,1008.1,72,0,0,226,0,0
2026,5,4,5,6.5,1007.9,71,0,0,0,0,0
2026,5,4,6,9.3,1008.2,60,0,0.1,357,55.54984452,4.14415548
2026,5,4,7,10.8,1008.5,51,0,0.7,336,118.1975939,146.0134061
2026,5,4,8,12.8,1008.9,41,0,0.9,341,120.0834778,357.4645222
2026,5,4,9,16.1,1008.1,37,0,1.6,234,151.961835,479.919165
2026,5,4,10,19.5,1007.9,35,0,2.6,237,138.9446783,687.0073217
2026,5,4,11,22.2,1007.5,33,0,3.2,232,159.60186,807.68214
2026,5,4,12,23.4,1006.6,28,0,3.5,230,159.242334,788.899666
2026,5,4,13,24.4,1005.2,26,0,4.2,223,157.8746522,765.6383478
2026,5,4,14,25,1004.3,24,0,4.8,228,154.4348904,679.2221096
2026,5,4,15,25.2,1003.5,27,0,4.4,220,175.1497775,491.0092225
2026,5,4,16,25,1002.7,28,0,4.1,219,158.6835348,350.8664652
2026,5,4,17,24.9,1002,29,0,3.2,225,129.21914,206.07086
2026,5,4,18,23.7,1002,33,0,3.4,220,96.15823033,29.61176967
2026,5,4,19,22.3,1002,37,0,3.5,215,2.511231359,0.023768641
2026,5,4,20,21.5,1002.1,42,0,3.4,212,0,0
2026,5,4,21,20.7,1001.9,45,0,3,214,0,0
2026,5,4,22,19.8,1001.9,46,0,2.6,213,0,0
2026,5,4,23,19.2,1002.1,54,0,1.8,220,0,0
2026,5,5,0,17.4,1001.6,60,0,0.9,223,0,0
2026,5,5,1,15.6,1001.3,74,0,0.6,225,0,0
2026,5,5,2,14,1001.2,78,0,0.1,45,0,0
2026,5,5,3,13.7,1001,79,0,0.1,52,0,0
2026,5,5,4,13.1,1000.9,79,0,0.1,55,0,0
2026,5,5,5,12.3,1000.7,83,0,0.1,45,0,0
2026,5,5,6,13.4,1001.1,77,0,0.5,16,42.73503927,0.947960725
2026,5,5,7,14.5,1001.3,73,0,0.7,21,152.4792335,43.05376655
2026,5,5,8,17,1001.7,66,0,1.1,19,198.0548684,197.0811316
2026,5,5,9,19.2,1001.2,59,0,0.3,107,204.7716428,372.7873572
2026,5,5,10,21.1,1000.7,56,0,0.5,166,197.4158677,534.7541323
2026,5,5,11,23.1,1000.1,47,0,1.3,174,285.8716809,449.9133191
2026,5,5,12,25.2,998.6,45,0,1.6,180,198.2912456,673.7347544
2026,5,5,13,26.3,997.8,41,0,1.9,188,165.0108723,739.5211277
2026,5,5,14,27.7,996.9,40,0,2,188,169.9739639,639.3590361
2026,5,5,15,27.5,995.8,39,0,3.5,212,224.210331,392.083669
2026,5,5,16,27.5,995.4,39,0,4.4,217,202.9534072,261.9755928
2026,5,5,17,27.6,994.5,40,0,5.3,217,174.0726919,104.4723081
2026,5,5,18,27.3,995.1,36,0,4.3,212,71.52337217,2.156627827
2026,5,5,19,26.8,995.2,34,0,4,209,2.866477788,0.026522212
2026,5,5,20,26.9,995.1,31,0,3.9,204,0,0
2026,5,5,21,25.6,995.8,36,0,3.8,207,0,0
2026,5,5,22,25,996.2,40,0,3.7,208,0,0
2026,5,5,23,23.8,996.4,46,0,3.7,208,0,0
2026,5,6,0,22.6,996.4,52,0,2.8,207,0,0
2026,5,6,1,21.4,996.4,56,0,1.9,205,0,0
2026,5,6,2,20.4,996.3,60,0,0.8,205,0,0
2026,5,6,3,19.5,996.5,65,0,0.4,218,0,0
2026,5,6,4,18.2,996.8,72,0,0.2,240,0,0
2026,5,6,5,17.1,996.8,75,0,0,0,0,0
2026,5,6,6,18.1,998.1,68,0,0.1,46,5.651100207,0.014899793
2026,5,6,7,19.4,999.2,63,0,0.5,13,146.6802753,19.38972472
2026,5,6,8,20.8,999.4,58,0,0.7,12,94.43720869,1.185791307
2026,5,6,9,21.6,1000.2,58,0,0.8,10,303.41566,134.97734
2026,5,6,10,21.8,1000.7,64,0,0.9,8,329.5369842,28.25901585
2026,5,6,11,22.1,1001.7,68,0,0.8,10,381.5624324,47.18856756
2026,5,6,12,23.6,1001.6,61,0,1,28,401.2891283,221.5898717
2026,5,6,13,24.8,1001.5,54,0,1.2,46,398.8563356,61.89566445
2026,5,6,14,25.5,1001.5,45,0,1.3,62,360.5704763,43.86452368
2026,5,6,15,25,1001.6,42,0,0.6,108,263.6630886,11.15691136
2026,5,6,16,24.7,1001.8,41,0,0.6,178,210.7862267,9.015773278
2026,5,6,17,23.8,1002,40,0,1.3,209,152.1253699,7.609630091
2026,5,6,18,22.1,1003.1,46,0,0.8,229,44.57862384,0.636376157
2026,5,6,19,21.1,1004.2,53,0,0.6,249,3.277638943,0.030361057
2026,5,6,20,19.6,1005.2,60,0,0.6,275,0,0
2026,5,6,21,19.7,1006.8,45,0,1.1,2,0,0
2026,5,6,22,19.8,1007.9,32,0,1.6,18,0,0
2026,5,6,23,19.8,1009,21,0,2.5,27,0,0
2026,5,7,0,19.6,1009.5,21,0,2.5,23,0,0
2026,5,7,1,17.8,1010.6,23,0,2.8,18,0,0
2026,5,7,2,16.9,1010.9,23,0,2.9,14,0,0
2026,5,7,3,16,1011.7,25,0,2.8,11,0,0
2026,5,7,4,15.3,1012.2,27,0,2.9,10,0,0
2026,5,7,5,14.6,1012.4,28,0,3.4,6,0,0
2026,5,7,6,14.7,1013,28,0,2.8,7,67.26058954,15.15341046
2026,5,7,7,15.7,1013.4,28,0,2.7,7,109.6485045,174.6624955
2026,5,7,8,16.3,1014.5,29,0,2.4,7,96.4224863,425.1805137
2026,5,7,9,17.5,1014,24,0,2.5,350,122.55672,620.21128
2026,5,7,10,19.3,1013.9,23,0,3,327,139.5873825,707.4786175
2026,5,7,11,20.9,1014.1,20,0,3.1,320,166.789425,844.055575
2026,5,7,12,21.5,1013.1,16,0,2.7,326,163.110915,825.440085
2026,5,7,13,23.8,1012.2,14,0,2,354,164.07699,830.32901
2026,5,7,14,24.3,1011.7,13,0,1.8,16,145.4036241,730.5993759
2026,5,7,15,24.4,1011.3,13,0,1.4,4,158.990801,532.638199
2026,5,7,16,24.3,1010.9,13,0,1.6,324,133.501905,410.740095
2026,5,7,17,24.4,1010.1,13,0,1.4,302,94.76891873,285.3870813
2026,5,7,18,22.1,1010.6,19,0,1.3,299,78.40604442,95.75695559
2026,5,7,19,20.3,1010.8,24,0,0.3,307,5.291971557,0.071028443
2026,5,7,20,16.8,1011.3,29,0,0,0,0,0
2026,5,7,21,14.7,1011.8,35,0,0.1,200,0,0
2026,5,7,22,13.4,1012.5,37,0,0.3,225,0,0
2026,5,7,23,11.4,1012.8,43,0,0.4,209,0,0
2026,5,8,0,10.9,1012.8,52,0,0.2,190,0,0
2026,5,8,1,9.5,1012.9,59,0,0.1,102,0,0
2026,5,8,2,8.4,1012.9,73,0,0.4,85,0,0
2026,5,8,3,8.7,1013,73,0,0.2,88,0,0
2026,5,8,4,8.6,1012.8,72,0,0.1,196,0,0
2026,5,8,5,7.3,1012.8,71,0,0.3,245,0,0
2026,5,8,6,10.3,1013.1,58,0,0.1,50,68.51466257,14.50833743
2026,5,8,7,12.5,1013.2,44,0,0.7,36,102.3080995,193.0169005
2026,5,8,8,15.8,1013.4,34,0,1.2,47,238.9632074,70.84879259
2026,5,8,9,19,1013,28,0,0.2,151,152.9311131,488.6138869
2026,5,8,10,21.6,1012.2,21,0,1.7,226,146.0266167,666.7333833
2026,5,8,11,24.8,1011.8,16,0,2.9,222,154.7536022,762.2983978
2026,5,8,12,25.9,1010.6,16,0,2.5,220,165.522885,837.646115
2026,5,8,13,26.9,1008.8,16,0,2.4,216,157.1592446,784.4727554
2026,5,8,14,27.2,1007.9,17,0,1.2,237,145.904737,727.488263
2026,5,8,15,26.8,1006.9,19,0,2.5,186,183.0367737,482.6402263
2026,5,8,16,26.5,1006.2,19,0,2.7,175,185.2091973,305.9218027
2026,5,8,17,25.8,1005.8,23,0,3.2,166,153.8899933,164.5170067
2026,5,8,18,25.2,1006.1,23,0,2.6,177,100.949302,27.49069801
2026,5,8,19,24.6,1005.9,26,0,2.3,187,4.85631614,0.05368386
2026,5,8,20,23.5,1006,28,0,2.3,208,0,0
2026,5,8,21,21.9,1006.3,30,0,2.3,205,0,0
2026,5,8,22,21.4,1006.1,31,0,2,191,0,0
2026,5,8,23,20.4,1006.5,37,0,2,184,0,0
2026,5,9,0,19.9,1005.5,39,0,2.2,203,0,0
2026,5,9,1,19.1,1005.2,43,0,2.2,206,0,0
2026,5,9,2,17.9,1004.8,46,0,2.4,214,0,0
2026,5,9,3,15.5,1004.9,55,0,1.7,212,0,0
2026,5,9,4,13.7,1004.8,64,0,0.6,205,0,0
2026,5,9,5,13.1,1004.6,75,0,0.1,45,0,0
2026,5,9,6,14.2,1005.1,72,0,0.4,30,22.95988154,0.234118458
2026,5,9,7,15.4,1005.1,63,0,0.7,28,123.9221519,4.961848055
2026,5,9,8,16.7,1005.3,59,0,0.8,27,133.9245929,2.3754071
2026,5,9,9,17.6,1004.7,57,0,0.9,15,217.7275408,5.538459168
2026,5,9,10,17.9,1004.4,55,0,1.1,2,358.4305469,58.31045307
2026,5,9,11,19.5,1004.2,51,0,1.2,351,375.7112057,39.31079426
2026,5,9,12,20.2,1003.6,51,0,0.8,10,309.0139389,9.30706111
2026,5,9,13,20.5,1002.5,51,0,0.9,45,407.5210951,77.78790491
2026,5,9,14,20.8,1001.3,51,0,0.9,94,383.938482,112.613518
2026,5,9,15,20.8,1000.9,50,0,0.8,89,253.5082833,8.714716672
2026,5,9,16,20.7,1000.5,53,0,0.8,66,152.0977981,2.754201943
2026,5,9,17,20.1,1000.2,54,0,0.7,46,120.1653036,2.498696358
2026,5,9,18,19.4,1000,60,0,0.6,44,17.39512438,0.091875625
2026,5,9,19,17.9,1000.4,70,0,0.1,65,4.842460774,0.048539226
2026,5,9,20,16.1,1001.5,78,0,0,0,0,0
2026,5,9,21,15.6,1001.4,79,0,0,71,0,0
2026,5,9,22,15.4,1001.4,79,0,0.1,50,0,0
2026,5,9,23,14.7,1001.6,79,0,0.1,45,0,0
2026,5,10,0,14.6,1001.2,84,0,0.1,45,0,0
2026,5,10,1,13.8,1000.8,86,0,0.1,70,0,0
2026,5,10,2,12.6,1000.5,91,0,0,0,0,0
2026,5,10,3,12.7,1000.3,90,0,0.1,65,0,0
2026,5,10,4,12.3,1000.3,91,0,0.1,40,0,0
2026,5,10,5,11.3,1000.2,95,0,0.1,45,0,0
2026,5,10,6,13,1000.5,88,0,0.3,14,47.48231274,1.048687263
2026,5,10,7,14.7,1001,84,0,0.6,23,150.8488122,88.67118775
2026,5,10,8,17.7,1001.5,75,0,0.7,20,157.4873459,297.6786541
2026,5,10,9,20.7,1001.6,55,0,0.9,44,153.0892405,493.1367595
2026,5,10,10,26.1,1001.5,35,0,1,52,146.2998377,670.8531623
2026,5,10,11,29.6,1001.3,24,0,1.3,64,162.85302,824.13498
2026,5,10,12,30.5,1000,22,0,0.8,47,163.407827,781.220173
2026,5,10,13,31.1,999.5,18,0,0.3,327,325.5883322,397.0576678
2026,5,10,14,32.7,998.6,14,0,0.9,279,160.8026114,673.1133886
2026,5,10,15,31.8,998.5,19,0,1,284,154.6152355,548.8647645
2026,5,10,16,31.5,998.1,19,0,1,289,267.4840202,66.19597981
2026,5,10,17,30.4,997.8,19,0,0.8,304,134.894195,3.668804957
2026,5,10,18,29.9,999.3,19,0,1.7,255,49.1535123,0.739487699
2026,5,10,19,29,999.8,20,0,2.7,230,1.927024323,0.006975677
2026,5,10,20,28.4,1000,19,0,3.8,241,0,0
2026,5,10,21,25.5,1000.4,26,0,2.4,224,0,0
2026,5,10,22,24.2,1000.5,34,0,2,230,0,0
2026,5,10,23,21.8,1000.9,43,0,0.6,197,0,0
2026,5,11,0,21.1,1001.4,47,0,0.3,223,0,0
2026,5,11,1,20.4,1001.7,49,0,0.2,278,0,0
2026,5,11,2,20.2,1002.4,56,0,0.6,331,0,0
2026,5,11,3,17.2,1002.6,61,0,0.6,339,0,0
2026,5,11,4,16.6,1002.9,67,0,0.4,0,0,0
2026,5,11,5,15.4,1003,74,0,0.3,10,0,0
2026,5,11,6,17.3,1003.3,71,0,0.1,36,49.26356552,1.13343448
2026,5,11,7,18.5,1004.1,66,0,0.4,76,158.1666922,65.44730783
2026,5,11,8,21.1,1004.5,61,0,0.3,102,195.0974893,221.6855107
2026,5,11,9,23.2,1004.3,48,0,0.7,78,197.4778816,402.2921184
2026,5,11,10,24.7,1004.3,36,0,1.2,54,165.6466231,618.6703769
2026,5,11,11,27.8,1004.2,34,0,1.8,66,155.6104645,765.6205355
2026,5,11,12,29.1,1003.6,30,0,0.9,79,160.4534018,809.7265982
2026,5,11,13,30.1,1003.3,27,0,0.6,174,160.501859,811.5121411
2026,5,11,14,30.9,1002.4,28,0,1.4,214,186.1409832,612.8400168
2026,5,11,15,30.7,1001.8,26,0,1.7,211,201.1013807,451.0546193
2026,5,11,16,30.6,1001.3,27,0,1.9,210,164.9782226,353.8727774
2026,5,11,17,30.8,1000.7,26,0,2.1,207,149.0662309,183.1197691
2026,5,11,18,28.7,1001,35,0,1.7,209,101.5867495,49.8742505
2026,5,11,19,26.4,1001.3,39,0,1.2,202,6.693791711,0.079208289
2026,5,11,20,25,1002,47,0,0.6,202,0,0
2026,5,11,21,24.7,1002.6,47,0,1.4,214,0,0
2026,5,11,22,24.2,1002.9,49,0,1.7,220,0,0
2026,5,11,23,24.2,1003.1,50,0,2.1,220,0,0
2026,5,12,0,22.6,1003,55,0,1.7,223,0,0
2026,5,12,1,21.3,1002.9,56,0,1.3,228,0,0
2026,5,12,2,20.5,1002.9,62,0,0.9,246,0,0
2026,5,12,3,19.1,1002.9,68,0,0.4,283,0,0
2026,5,12,4,18.4,1002.9,75,0,0.7,6,0,0
2026,5,12,5,17.2,1002.8,80,0,1.1,17,0,0
2026,5,12,6,18.6,1003,73,0,1,25,36.3539969,0.561003097
2026,5,12,7,19.6,1003.1,69,0,1,31,157.6844773,27.13952271
2026,5,12,8,20.6,1003.3,67,0,0.9,43,228.1402915,143.3747085
2026,5,12,9,23.3,1002.8,62,0,0.5,148,253.7579182,287.1410818
2026,5,12,10,24.7,1001.6,56,0,1.4,180,239.1849591,463.2780409
2026,5,12,11,27.3,1001,50,0,2,187,193.7833537,655.1866463
2026,5,12,12,29.6,999.5,39,0,2.2,187,184.4973285,719.3886715
2026,5,12,13,30.5,998.8,36,0,2.6,186,209.3092014,641.8177986
2026,5,12,14,31.5,997.4,32,0,3.2,181,236.4646493,508.2563507
2026,5,12,15,31.5,996.6,35,0,4.1,216,231.8865729,390.0174271
2026,5,12,16,31,995.8,39,0,4.4,220,229.9515359,218.7444641
2026,5,12,17,30.8,995.2,40,0,5.7,228,182.2436439,103.8813561
2026,5,12,18,30.7,995.3,44,0,4,220,104.6271391,21.80886093
2026,5,12,19,28.7,995.5,46,0,3.4,215,6.157767246,0.062232754
2026,5,12,20,28.2,995.3,49,0,3.1,212,0,0
2026,5,12,21,27.5,995.7,49,0,2.7,214,0,0
2026,5,12,22,27.1,995.9,53,0,2.4,214,0,0
2026,5,12,23,26.5,996.1,56,0,2,221,0,0
2026,5,13,0,24.5,995.9,62,0,1.4,227,0,0
2026,5,13,1,23.6,996,72,0,0.4,223,0,0
2026,5,13,2,21.5,995.9,80,0,0.6,48,0,0
2026,5,13,3,20.9,996.1,82,0,0.6,34,0,0
2026,5,13,4,20.3,996.1,82,0,0.5,19,0,0
2026,5,13,5,19.5,996.1,84,0,0.5,6,0,0
2026,5,13,6,20.6,997,80,0,0.6,26,26.80855345,0.297446553
2026,5,13,7,21.7,997.6,72,0,0.7,28,156.3890424,22.80395759
2026,5,13,8,23.5,997.5,67,0,0.8,35,232.6134737,132.8475263
2026,5,13,9,24.7,997.6,63,0,0.2,28,262.8757638,268.9992362
2026,5,13,10,27.6,997.4,56,0,0.5,217,267.9324331,406.0965669
2026,5,13,11,29,997.4,54,0,0.9,213,259.5797914,518.0612086
2026,5,13,12,30.1,996.7,50,0,0.6,214,265.9511388,544.2628612
2026,5,13,13,31.3,996.1,49,0,0.5,150,245.4849838,567.2140162
2026,5,13,14,32.8,995.3,43,0,0.7,117,247.7664951,486.7825049
2026,5,13,15,32.5,995.2,45,0,0.9,133,269.0590239,313.8019761
2026,5,13,16,32.5,995.1,47,0,1.2,145,243.7517288,187.5692712
2026,5,13,17,32.8,994.7,47,0,1.3,151,192.0992057,56.17279425
2026,5,13,18,31.6,995.5,54,0,0.6,147,46.52729586,0.63970414
2026,5,13,19,29.9,996,61,0,0.2,142,6.492225179,0.064774821
2026,5,13,20,27.6,996.9,71,0,0.3,342,0,0
2026,5,13,21,27.5,997.4,71,0,0.3,235,0,0
2026,5,13,22,27.4,998.2,73,0,0.5,215,0,0
2026,5,13,23,27.4,998.9,74,0,0.6,217,0,0
2026,5,14,0,26.4,999,79,0,0.3,217,0,0
2026,5,14,1,25.2,999.1,80,0,0.1,84,0,0
2026,5,14,2,24.6,999,84,0,0.3,59,0,0
2026,5,14,3,23.9,999.5,84,0,0.4,50,0,0
2026,5,14,4,23.7,1000.1,84,0,0.6,45,0,0
2026,5,14,5,23.2,1000.3,85,0,0.7,44,0,0
2026,5,14,6,22.7,1001.1,80,0,0.9,57,11.31551962,0.051480384
2026,5,14,7,22.7,1002.3,76,0,0.9,69,56.11375301,0.604246988
2026,5,14,8,22.7,1003.3,72,0,1.1,81,135.2436016,2.373398385
2026,5,14,9,24.2,1003.6,67,0,1.2,54,269.0146905,16.28330953
2026,5,14,10,25.1,1003.8,62,0,1.3,39,323.2035797,22.08742034
2026,5,14,11,26.7,1004.2,58,0,1.6,24,408.5867233,113.5272767
2026,5,14,12,28.1,1003.1,54,0,0.8,17,269.2891331,538.8538669
2026,5,14,13,30,1002.8,54,0,0.3,235,266.1759605,526.3340395
2026,5,14,14,30.7,1002.6,55,0,1,208,298.3858167,383.6891833
2026,5,14,15,31.6,1002,53,0,1,194,286.4301433,276.8378567
2026,5,14,16,31.5,1001.8,51,0,1.1,164,245.8190633,184.6839367
2026,5,14,17,31.2,1001.6,51,0,1.4,149,191.7165056,72.8474944
2026,5,14,18,29.7,1002.5,55,0,1.2,161,100.7392347,11.20776532
2026,5,14,19,28.2,1003.1,59,0,1.2,177,7.208781198,0.075218802
2026,5,14,20,26.8,1004.3,63,0,1.1,190,0,0
2026,5,14,21,25.5,1005.2,65,0,1,189,0,0
2026,5,14,22,24.5,1006.4,69,0,0.7,192,0,0
2026,5,14,23,23.9,1007.1,71,0,0.6,179,0,0
2026,5,15,0,23.2,1007.4,71,0,0.7,192,0,0
2026,5,15,1,22.8,1007.9,71,0,0.9,190,0,0
2026,5,15,2,21.9,1008,71,0,1,191,0,0
2026,5,15,3,21.5,1008.5,70,0,0.6,193,0,0
2026,5,15,4,20.6,1008.7,70,0,0.4,168,0,0
2026,5,15,5,20.1,1009,71,0,0.3,135,0,0
2026,5,15,6,20.3,1009.4,71,0,0.3,73,7.038450999,0.019549001
2026,5,15,7,20.6,1010.1,70,0,0.4,60,58.03135299,0.642647009
2026,5,15,8,20.9,1010.2,71,0,0.6,43,154.9938724,3.122127564
2026,5,15,9,21.3,1010.4,70,0,0.7,44,217.9734023,5.320597733
2026,5,15,10,21.8,1010.6,70,0,1,44,264.2167801,7.06121988
2026,5,15,11,22.1,1010.8,70,0,1.1,41,369.1579895,31.95101048
2026,5,15,12,22.2,1010.3,70,0,0.2,22,322.6047318,11.16026822
2026,5,15,13,22.3,1010,71,0,1,240,350.9387108,19.90428916
2026,5,15,14,22.3,1009.8,73,0,1.7,229,319.6754367,16.25756332
2026,5,15,15,23.4,1009,71,0,0.9,227,268.9430158,11.38898417
2026,5,15,16,23.3,1008.8,71,0,0.4,206,224.3373859,11.3766141
2026,5,15,17,23.7,1008.7,71,0,0.3,45,108.6067544,1.933245592
2026,5,15,18,23.8,1009.3,71,0,0.3,44,55.80119405,0.905805951
2026,5,15,19,23,1009.7,73,0,0.3,42,1.801630764,0.004369236
2026,5,15,20,22.8,1010.4,74,0,0.4,40,0,0
2026,5,15,21,22.5,1010.8,74,0,0.5,46,0,0
2026,5,15,22,22.1,1011.2,74,0,0.6,36,0,0
2026,5,15,23,22,1012.1,74,0,0.8,40,0,0
2026,5,16,0,21.9,1011.9,73,0,0.8,56,0,0
2026,5,16,1,21.7,1011.9,71,0,0.8,69,0,0
2026,5,16,2,21.6,1011.8,71,0,1,90,0,0
2026,5,16,3,21.4,1012,71,0,0.7,73,0,0
2026,5,16,4,20.8,1012.1,73,0,0.2,29,0,0
2026,5,16,5,20.4,1012.3,74,0,0.5,297,0,0
2026,5,16,6,20.3,1012.3,74,0,0.4,1,7.118291588,0.019708412
2026,5,16,7,20.2,1012.3,73,0,0.7,32,61.84934986,0.726650139
2026,5,16,8,20.2,1012.5,73,0,1.1,43,93.63067035,1.117329653
2026,5,16,9,20.8,1012.3,67,0,0.8,82,215.1699211,5.047078909
2026,5,16,10,21.7,1012.2,61,0,1.2,125,290.6684079,11.20159205
2026,5,16,11,22.8,1012.3,61,0,1.9,148,332.8222866,15.66771339
2026,5,16,12,22.4,1011.6,61,0,1.3,130,339.1950672,14.6489328
2026,5,16,13,22,1011.2,61,0,0.9,84,212.1272243,3.414775664
2026,5,16,14,21.7,1010.7,64,0,1.4,37,270.5552121,6.843787883
2026,5,16,15,21.6,1010.4,62,0,1,60,196.5108242,3.627175804
2026,5,16,16,21.6,1009.7,64,0,0.8,103,135.129232,2.117768011
2026,5,16,17,21.4,1009.1,68,0,1.3,144,56.64260244,0.514397557
2026,5,16,18,20.7,1009.5,75,0.3,1,142,10.90761512,0.033384884
2026,5,16,19,20.1,1009.6,83,1,0.7,155,7.53642723,0.07357277
2026,5,16,20,18.9,1009.8,91,1.7,0.3,193,0,0
2026,5,16,21,18.7,1010,92,1,0.1,139,0,0
2026,5,16,22,18.4,1010,93,1,0.2,81,0,0
2026,5,16,23,18.3,1009.9,94,1.1,0.4,65,0,0
2026,5,17,0,18.1,1009.3,93,0.3,0.4,56,0,0
2026,5,17,1,17.9,1008.8,94,0.3,0.3,48,0,0
2026,5,17,2,17.7,1008.5,94,0.3,0.3,45,0,0
2026,5,17,3,17.6,1008.3,94,0.4,0.3,45,0,0
2026,5,17,4,17.4,1008.2,94,0.4,0.4,47,0,0
2026,5,17,5,17.1,1008.1,95,0.4,0.4,48,0,0
2026,5,17,6,17.3,1008.3,94,0.2,0.4,45,7.817541913,0.023458087
2026,5,17,7,17.3,1008.6,95,0.2,0.3,43,31.76460052,0.188399483
2026,5,17,8,17.6,1008.7,96,0.2,0.3,45,74.14019714,0.694802864
2026,5,17,9,17.6,1008.5,92,0,0.3,43,182.518209,3.332791014
2026,5,17,10,18,1008.4,92,0.1,0.3,40,263.7410894,6.938910576
2026,5,17,11,18.3,1008,94,0.1,0.4,39,227.6659627,4.016037349
2026,5,17,12,18.4,1007.6,93,0.5,0.4,42,238.8947799,4.266220143
2026,5,17,13,18.5,1006.9,93,0.9,0.4,50,240.1865128,4.391487225
2026,5,17,14,18.7,1006.3,94,1.6,0.4,52,158.6146682,2.037331803
2026,5,17,15,18.5,1006.1,94,3.5,0.6,53,140.27794,1.825059985
2026,5,17,16,18.3,1005.9,95,5.5,0.7,55,100.7554606,1.164539377
2026,5,17,17,18.2,1005.7,96,7.7,0.8,57,71.93523759,0.829762408
2026,5,17,18,18.2,1005.3,96,3.6,0.8,34,23.36129335,0.152706651
2026,5,17,19,18.1,1005.4,96,4.6,0.9,27,4.180656466,0.021343534
2026,5,17,20,18.1,1005.3,97,5.7,1,13,0,0
2026,5,17,21,18.1,1005.5,96,1,0.9,18,0,0
2026,5,17,22,18.1,1005.8,96,1,0.8,23,0,0
2026,5,17,23,18.1,1006.1,97,1,0.7,34,0,0
2026,5,18,0,17.8,1005.5,96,2.4,0.8,20,0,0
2026,5,18,1,17.7,1005.1,96,2.5,0.9,11,0,0
2026,5,18,2,17.3,1004.4,97,2.6,1,4,0,0
2026,5,18,3,17.1,1004.1,96,0,0.7,7,0,0
2026,5,18,4,16.9,1003.9,95,0,0.5,11,0,0
2026,5,18,5,16.6,1003.7,95,0,0.1,45,0,0
2026,5,18,6,16.7,1003.9,94,0,0.4,39,7.500690661,0.021309339
2026,5,18,7,17,1004,93,0,0.7,40,33.96459367,0.214406335
2026,5,18,8,17.2,1004.2,94,0,0.9,40,203.7881447,10.14685533
2026,5,18,9,20.2,1004.1,80,0,1.1,39,314.4101168,132.5138832
2026,5,18,10,22.9,1003.9,60,0,1.3,41,227.6285472,496.2594528
2026,5,18,11,25.4,1003.8,46,0,1.7,43,333.4219147,370.6750853
2026,5,18,12,26.1,1003.6,42,0,1.3,37,200.8089996,688.6930004
2026,5,18,13,27.3,1003.3,39,0,0.7,14,160.5799057,814.7360943
2026,5,18,14,29.1,1002.8,36,0,0.5,294,373.3537942,204.8012058
2026,5,18,15,28.5,1002.7,37,0,0.2,232,178.6988032,510.0531968
2026,5,18,16,28.4,1002.6,38,0,0.6,179,227.9689323,236.4600677
2026,5,18,17,29.7,1002.2,32,0,1.2,169,173.702071,145.280929
2026,5,18,18,27.4,1002.9,48,0,1.5,203,111.0933943,44.37160565
2026,5,18,19,25.5,1003.4,57,0,1.8,219,19.57289778,0.594102223
2026,5,18,20,24.1,1004.2,63,0,2.1,229,0,0
2026,5,18,21,22.7,1005.2,67,0,1.6,222,0,0
2026,5,18,22,22.2,1005.5,71,0,1.4,222,0,0
2026,5,18,23,21.5,1006.2,74,0,1.1,212,0,0
2026,5,19,0,20.6,1006.1,77,0,1,220,0,0
2026,5,19,1,19.6,1005.8,81,0,0.9,231,0,0
2026,5,19,2,18.7,1005.7,85,0,0.8,239,0,0
2026,5,19,3,18.9,1005.7,83,0,0.8,239,0,0
2026,5,19,4,19.3,1005.6,81,0,1,243,0,0
2026,5,19,5,19.3,1005.5,81,0,1,243,0,0
2026,5,19,6,19.8,1005.9,78,0,1.1,240,7.81812865,0.02287135
2026,5,19,7,20,1006.2,78,0,1.1,238,76.90073428,1.111265717
2026,5,19,8,20.7,1006.6,76,0,1.1,233,178.512775,4.950224964
2026,5,19,9,22.1,1006.2,71,0,1.2,237,298.6753931,33.60460691
2026,5,19,10,23.5,1006.1,67,0,1.3,242,374.5584282,101.9755718
2026,5,19,11,24.7,1005.9,66,0,1.3,243,354.4885685,324.0054315
2026,5,19,12,25.1,1005.3,61,0,1.7,244,282.3994072,518.3125928
2026,5,19,13,25.6,1004.3,57,0,2,238,406.1826536,204.9033464
2026,5,19,14,26.7,1004,55,0,2.2,238,268.4065043,453.3824957
2026,5,19,15,26.4,1003.5,55,0,2,238,310.6080855,227.0309145
2026,5,19,16,26.4,1003,55,0,1.9,240,266.6613856,41.1586144
2026,5,19,17,26.2,1002.6,55,0,1.8,245,194.2208771,35.60512289
2026,5,19,18,25.3,1003.1,59,0,1.2,245,108.7266384,15.34936159
2026,5,19,19,24.3,1003.5,65,0,0.5,248,13.33859727,0.202402727
2026,5,19,20,22.8,1003.9,72,0,0.1,45,0,0
2026,5,19,21,22.7,1004.3,72,0,0.8,208,0,0
2026,5,19,22,22.1,1004.5,74,0,2.1,208,0,0
2026,5,19,23,21.8,1005.1,75,0,3,206,0,0
2026,5,20,0,21.3,1005.1,75,0,2.4,206,0,0
2026,5,20,1,20.6,1005.2,78,0,1.7,204,0,0
2026,5,20,2,19.9,1005.2,79,0,1.1,205,0,0
2026,5,20,3,19.8,1005,78,0,0.6,208,0,0
2026,5,20,4,19.7,1004.6,80,0,0.3,209,0,0
2026,5,20,5,19.5,1004.1,81,0,0,0,0,0
2026,5,20,6,19.9,1004.3,78,0,0.2,33,7.877052747,0.022947253
2026,5,20,7,20.5,1004.4,76,0,0.3,29,69.8365335,0.909466498
2026,5,20,8,20.9,1004.5,72,0,0.5,16,157.0059978,3.155002231
2026,5,20,9,21.3,1004.4,69,0,0.1,156,317.2706379,67.57236209
2026,5,20,10,21.9,1004.3,64,0,1.3,179,368.7153435,67.79465652
2026,5,20,11,22.6,1004.3,65,0,2,184,359.0250734,25.06692655
2026,5,20,12,22.9,1003.9,61,0,2,207,398.1835285,43.98347151
2026,5,20,13,23.4,1003.5,58,0,1.9,233,416.9225146,92.76148542
2026,5,20,14,23.9,1002.6,57,0,2.2,252,365.0160511,40.93394888
2026,5,20,15,23.3,1002.6,58,0,2.3,230,268.1578866,10.71211341
2026,5,20,16,23,1002.5,60,0,2.3,210,272.4313158,114.1246842
2026,5,20,17,22.9,1002.5,63,0,2.5,195,185.5591652,20.74783482
2026,5,20,18,22.1,1002.8,65,0,2.3,197,77.69747434,1.836525661
2026,5,20,19,21.5,1003.5,66,0,2,197,21.36387371,0.653126288
2026,5,20,20,20.5,1004.1,70,0,1.5,203,0,0
2026,5,20,21,20.1,1004.5,71,0,1.3,213,0,0
2026,5,20,22,20,1004.6,75,0,1.3,233,0,0
2026,5,20,23,19.9,1005,78,0,1.3,242,0,0
2026,5,21,0,19,1005,79,0,1.3,249,0,0
2026,5,21,1,18,1005,81,0,1.1,255,0,0
2026,5,21,2,17.6,1005,83,0,1,259,0,0
2026,5,21,3,17.4,1005.1,86,0,0.8,254,0,0
2026,5,21,4,17.2,1004.8,89,0,0.6,243,0,0
2026,5,21,5,15.9,1004.6,93,0,0.4,224,0.004994588,5.4121E-06
2026,5,21,6,16.9,1005,89,0,0.5,199,47.47191948,0.849080523
2026,5,21,7,18.4,1005.1,85,0,0.9,189,160.9664608,20.35053917
2026,5,21,8,20.1,1005.5,79,0,1.2,186,250.1901648,70.75783521
2026,5,21,9,21.5,1005.3,75,0,1.4,214,301.158072,35.22392797
2026,5,21,10,22.3,1005.2,68,0,1.7,224,369.4802223,68.75877769
2026,5,21,11,23.3,1005.1,64,0,2.1,232,401.0553799,65.37962013
2026,5,21,12,24.2,1004.5,61,0,1.9,217,425.1404797,154.1105203
2026,5,21,13,24.8,1003.9,58,0,1.8,204,405.9900973,61.45190275
2026,5,21,14,25.3,1003.5,58,0,1.6,188,369.8894772,45.75852285
2026,5,21,15,25.3,1003,58,0,2,213,279.7056614,13.61233865
2026,5,21,16,25,1002.7,58,0,2.2,221,269.2724536,43.62554635
2026,5,21,17,24.8,1002.2,60,0,2.4,229,169.1563428,10.03365716
2026,5,21,18,24.3,1002.3,62,0,2.1,228,52.40479162,0.752208378
2026,5,21,19,23.9,1002.5,64,0,1.7,223,10.27324927,0.109750726
2026,5,21,20,23,1002.7,67,0,1.4,223,0,0
2026,5,21,21,22.6,1002.6,67,0,1.7,211,0,0
2026,5,21,22,22.4,1002.6,69,0,1.9,206,0,0
2026,5,21,23,22,1002.6,71,0,1.9,203,0,0
2026,5,22,0,21.6,1002.4,70,0,2,208,0,0
2026,5,22,1,21.4,1002.2,72,0,1.8,214,0,0
2026,5,22,2,21.2,1002.1,74,0,1.8,217,0,0
2026,5,22,3,20.9,1001.8,78,0,1.2,217,0,0
2026,5,22,4,20.2,1001.6,81,0,0.2,206,0,0
2026,5,22,5,19.9,1001.3,86,0,0.3,45,0.143458943,0.000541057
2026,5,22,6,18.8,1001.6,89,4.1,0.6,33,7.529486689,0.020513311
2026,5,22,7,18,1001.7,93,6.4,0.9,26,18.98961117,0.065388827
2026,5,22,8,17.1,1001.9,96,9.7,1.1,24,96.43524179,1.165758213
2026,5,22,9,17.1,1001.7,95,1.1,1,31,119.0390573,1.386942677
2026,5,22,10,17.1,1001.5,94,2.1,1,33,179.9397193,2.72328066
2026,5,22,11,17.1,1001.5,95,3.3,1.2,28,221.8903574,3.790642583
2026,5,22,12,17.1,1000.9,95,1.8,0.4,90,249.2408311,4.627168922
2026,5,22,13,17.1,1000.2,94,2.1,0.6,157,238.7490923,4.3139077
2026,5,22,14,17.2,999.4,94,2.2,1.5,178,270.8018769,6.709123122
2026,5,22,15,19,999.3,83,0,0.5,138,276.5740633,312.8699367
2026,5,22,16,20,999,73,0,0.7,67,228.4467962,243.4152038
2026,5,22,17,21.3,998.5,63,0,1.3,47,189.6241986,113.1338014
2026,5,22,18,19.9,999.1,72,0,0.7,51,115.97556,28.15443997
2026,5,22,19,18.8,999.3,78,0,0.1,180,21.45925668,0.518743317
2026,5,22,20,17.3,999.5,87,0,0.8,220,0,0
2026,5,22,21,17.2,1000,85,0,0.7,187,0,0
2026,5,22,22,18.1,1000.3,80,0,0.7,168,0,0
2026,5,22,23,18.5,1000.8,79,0,1,144,0,0
2026,5,23,0,18.5,1000.4,79,0,0.7,180,0,0
2026,5,23,1,18.2,1000.3,80,0,0.7,215,0,0
2026,5,23,2,18.2,1000.3,81,0,1.1,238,0,0
2026,5,23,3,17.1,1000.5,85,0,0.6,258,0,0
2026,5,23,4,16.7,1000.6,90,0,0.1,304,0,0
2026,5,23,5,15.7,1000.6,92,0,0.1,45,0.122785728,0.000214272
2026,5,23,6,16.9,1000.9,88,0,0.2,108,8.419586632,0.025413368
2026,5,23,7,18.8,1001.1,82,0,0.4,127,165.1879208,24.58607919
2026,5,23,8,19.7,1001.5,79,0,0.7,136,247.2107742,108.2632258
2026,5,23,9,21.1,1001.3,74,0,1.1,167,311.1844096,158.5375904
2026,5,23,10,21.7,1001.3,68,0,2,183,317.0987312,313.9872688
2026,5,23,11,22.9,1001.1,65,0,2.4,188,328.6611877,386.5928123
2026,5,23,12,23.7,1001.1,64,0,2.5,191,424.7064254,162.8615746
2026,5,23,13,24.3,1001,63,0,2.7,194,302.7495502,462.2724498
2026,5,23,14,24.8,1000.6,63,0,2.8,192,253.6665354,488.6184646
2026,5,23,15,25.2,1000.5,63,0,2.6,203,242.6295245,386.1724755
2026,5,23,16,25.6,1000.3,63,0,2.5,212,270.1840271,134.0909729
2026,5,23,17,25.7,1000.2,63,0,1.9,234,200.8024715,66.60452853
2026,5,23,18,25.3,1000.2,66,0,1.6,232,91.23987433,3.491125675
2026,5,23,19,24.8,1000.5,67,0,1.3,228,22.93350128,0.607498718
2026,5,23,20,24,1000.9,72,0,1,224,0,0
2026,5,23,21,23.3,1001.3,75,0,0.6,232,0,0
2026,5,23,22,22.6,1001.7,81,0,0.1,246,0,0
2026,5,23,23,22.4,1002.1,86,0,0.1,45,0,0
2026,5,24,0,22,1002.1,88,0,0.1,34,0,0
2026,5,24,1,21.5,1002.3,89,0,0.1,30,0,0
2026,5,24,2,21,1002.3,92,0,0,0,0,0
2026,5,24,3,21,1002.4,92,0,0.1,33,0,0
2026,5,24,4,21,1002.5,90,0,0.2,51,0,0
2026,5,24,5,21,1002.5,89,0,0.3,45,0.209565357,0.000434643
2026,5,24,6,21.2,1003.5,89,0,0.2,143,8.229947422,0.024052579
2026,5,24,7,21.6,1004.1,86,0,0.6,173,60.48586914,0.668130862
2026,5,24,8,22.2,1004.3,85,0,0.8,179,131.9797187,2.193281331
2026,5,24,9,22.9,1004.1,81,0,0.8,194,203.0742376,4.09276245
2026,5,24,10,23.8,1003.7,77,0,0.9,211,302.1654924,13.33650763
2026,5,24,11,24.4,1003.8,76,0,1,224,397.7414425,57.70955746
2026,5,24,12,26.4,1003.2,70,0,1.3,213,428.1881992,119.9768008
2026,5,24,13,27.8,1002.7,61,0,2.2,203,412.449291,189.022709
2026,5,24,14,29,1002.4,56,0,2.3,202,345.5807631,291.6392369
2026,5,24,15,28.8,1001.8,52,0,2.5,203,304.2203768,252.2016232
2026,5,24,16,28.7,1001.4,51,0,3,206,278.354011,93.545989
2026,5,24,17,28.4,1001.5,48,0,3.4,201,198.6334011,36.91659888
2026,5,24,18,27.7,1001.2,52,0,2.5,203,87.20693125,2.671068749
2026,5,24,19,26.3,1001.7,62,0,2.2,200,14.05045905,0.185540954
2026,5,24,20,25.6,1001.9,66,0,1.1,210,0,0
2026,5,24,21,25.4,1002.1,62,0,1.1,200,0,0
2026,5,24,22,25.1,1002.2,55,0,1.6,182,0,0
2026,5,24,23,25.2,1002.4,55,0,1.8,173,0,0
2026,5,25,0,24.2,1002.4,64,0,0.8,164,0,0
2026,5,25,1,23.4,1002.4,67,0,0.3,80,0,0
2026,5,25,2,22.6,1001.9,74,0,0.6,31,0,0
2026,5,25,3,22,1002.1,75,0,0.6,41,0,0
2026,5,25,4,21.8,1002.2,80,0,0.5,50,0,0
2026,5,25,5,21.5,1002.3,83,0,0.4,59,0.207669467,0.000330533
2026,5,25,6,21.3,1002.7,82,0,0.5,50,7.715055157,0.020944843
2026,5,25,7,21.5,1003,82,0,0.8,43,46.9066698,0.3983302
2026,5,25,8,21.7,1003.6,82,0,0.9,37,96.75320677,1.165793233
2026,5,25,9,21.7,1003.6,85,0.2,0.9,44,139.1376893,1.894310677
2026,5,25,10,21.6,1003.8,87,0.3,0.8,48,174.92455,2.563450012
2026,5,25,11,21.5,1003.8,89,0.5,0.7,61,293.8609873,7.905012731
2026,5,25,12,21.6,1003.6,88,0.1,0.7,89,287.6424219,6.587578097
2026,5,25,13,21.7,1003.2,85,0.1,0.5,105,320.5479041,11.10909586
2026,5,25,14,22,1003,85,0.1,0.7,150,271.2141546,6.680845368
2026,5,25,15,21.6,1003,86,0.3,0.4,130,170.8434213,2.683578733
2026,5,25,16,20.9,1003.1,88,0.3,0.2,93,116.9106633,1.540336715
2026,5,25,17,20.2,1003.2,89,0.3,0.1,45,143.4682005,3.802799542
2026,5,25,18,19.8,1003.5,87,0,0.2,96,35.76644652,0.335553483
2026,5,25,19,19.5,1003.8,83,0,0.7,152,13.12458333,0.156416666
2026,5,25,20,19.3,1004.4,82,0,0.8,151,0,0
2026,5,25,21,18.6,1004.7,86,0,0.7,152,0,0
2026,5,25,22,18.4,1004.9,90,0,0.1,134,0,0
2026,5,25,23,17.6,1005,93,0,0,0,0,0
2026,5,26,0,17.4,1004.9,93,0,0,134,0,0
2026,5,26,1,16.8,1004.8,94,0,0,147,0,0
2026,5,26,2,16.5,1004.5,95,0,0,0,0,0
2026,5,26,3,16.5,1004.4,94,0,0.2,19,0,0
2026,5,26,4,16.5,1004.1,95,0,0.3,15,0,0
2026,5,26,5,16.5,1003.8,97,0,0.6,15,0.757355302,0.003644698
2026,5,26,6,17.8,1004,93,0,0.7,29,68.87446029,2.651539714
2026,5,26,7,19,1004.3,90,0,0.8,45,133.2655179,4.879482061
2026,5,26,8,20.2,1004.6,83,0,0.9,56,220.4931714,15.3468286
2026,5,26,9,21.3,1004.5,76,0,0.7,85,310.276234,44.47876601
2026,5,26,10,22.2,1004.5,69,0,0.6,126,364.6227148,54.62928518
2026,5,26,11,23.7,1004.3,62,0,0.9,162,277.728761,6.362239003
2026,5,26,12,24,1003.8,61,0,0.8,181,427.4666991,102.3383009
2026,5,26,13,24.3,1003.3,61,0,0.9,209,398.6528303,48.77116974
2026,5,26,14,24.4,1003.1,62,0,0.7,246,383.4445895,183.5484105
2026,5,26,15,24.6,1002.8,59,0,0.9,241,343.0852522,77.64374778
2026,5,26,16,24.7,1002.6,57,0,1.7,241,252.7353202,21.82267983
2026,5,26,17,24.7,1002.4,56,0,1.8,246,161.3146069,6.724393112
2026,5,26,18,24.1,1002.4,59,0,2.1,230,108.729941,9.607059035
2026,5,26,19,23.2,1002.5,61,0,2.1,226,25.46808256,0.694917437
2026,5,26,20,22.5,1002.7,65,0,2.1,224,0,0
2026,5,26,21,21.3,1002.8,72,0,1.5,207,0,0
2026,5,26,22,19.8,1002.9,77,0,1,207,0,0
2026,5,26,23,19.1,1002.9,82,0,0,0,0,0
2026,5,27,0,18.4,1002.8,85,0,0,171,0,0
2026,5,27,1,18,1002.7,90,0,0,256,0,0
2026,5,27,2,17.5,1002.5,92,0,0,0,0,0
2026,5,27,3,17,1002.4,93,0,0.1,68,0,0
2026,5,27,4,16.5,1002.3,93,0,0.1,63,0,0
2026,5,27,5,16.6,1002.3,95,0,0.3,45,0.401128678,0.000871322
2026,5,27,6,18.1,1002.3,91,0,0.5,43,59.0412021,1.313797897
2026,5,27,7,19.5,1002.3,84,0,0.9,52,172.3026439,37.37035614
2026,5,27,8,21,1002.3,79,0,1.1,54,241.4493746,138.1486254
2026,5,27,9,22.7,1002,67,0,0.7,85,316.7339126,143.2960874
2026,5,27,10,25.2,1001.6,63,0,0.8,166,329.94236,287.68464
2026,5,27,11,26.9,1001.1,56,0,1.1,185,396.9510781,217.8849219
2026,5,27,12,27.6,999.9,52,0,1.8,209,342.0424178,401.2415822
2026,5,27,13,27.7,999.4,49,0,2.7,226,370.7911495,316.4998505
2026,5,27,14,28,998.6,47,0,3.5,233,364.6808524,38.08914765
2026,5,27,15,27.7,998.6,47,0,3.1,227,270.3857978,10.63720223
2026,5,27,16,27.5,998.3,51,0,2.7,224,279.2562011,62.5077989
2026,5,27,17,27,998.2,53,0,1.9,203,172.2370277,9.855972277
2026,5,27,18,26.3,998.4,59,0,1.5,207,69.81945355,1.281546449
2026,5,27,19,25.2,998.6,68,0,0.8,212,9.799390998,0.081609002
2026,5,27,20,23.6,999.4,75,0,0.3,286,0,0
2026,5,27,21,22.5,1000.4,78,0,0.3,200,0,0
2026,5,27,22,20.8,1001.1,82,0,0.6,181,0,0
2026,5,27,23,20.1,1001.4,88,0,0.8,172,0,0
2026,5,28,0,20.3,1001.7,75,0,0.4,136,0,0
2026,5,28,1,20,1002.1,66,0,0.5,87,0,0
2026,5,28,2,19.7,1002.2,52,0,0.6,64,0,0
2026,5,28,3,19.7,1002.6,49,0,0.6,55,0,0
2026,5,28,4,19.9,1003,45,0,0.5,2,0,0
2026,5,28,5,20.9,1003.3,45,0,0.7,338,0.531651181,0.001348819
2026,5,28,6,21.7,1004.1,44,0,1.1,357,42.47240521,0.63559479
2026,5,28,7,22.5,1004.7,39,0,1.4,359,120.5382392,200.9967608
2026,5,28,8,24,1005.1,39,0,1.9,359,173.0908166,298.3531834
2026,5,28,9,24.8,1005.4,33,0,2,22,246.0209571,327.3300429
2026,5,28,10,26.7,1005.6,30,0,2.2,28,143.7392496,726.5687504
2026,5,28,11,27.4,1005.8,29,0,2.7,37,162.40752,821.88048
2026,5,28,12,28,1005.3,28,0,2.4,33,166.4852028,840.8837972
2026,5,28,13,28.6,1005.1,28,0,2.4,31,163.687095,828.355905
2026,5,28,14,29.4,1004.9,28,0,2.5,26,227.0394552,548.7665448
2026,5,28,15,29.3,1004.9,27,0,2.2,33,181.9725048,518.1264952
2026,5,28,16,29.6,1004.9,25,0,1.9,41,182.7630817,349.9569183
2026,5,28,17,29.7,1004.8,26,0,1.6,68,130.921078,259.552922
2026,5,28,18,27.4,1005.5,33,0,1,65,116.2833359,66.39266414
2026,5,28,19,25.2,1006,42,0,0.5,81,23.71220932,0.475790683
2026,5,28,20,22.1,1006.5,51,0,0.4,252,0,0
2026,5,28,21,20.7,1006.7,58,0,0.5,216,0,0
2026,5,28,22,19.4,1007.3,67,0,0.7,201,0,0
2026,5,28,23,18.5,1007.5,71,0,0.9,186,0,0
2026,5,29,0,18,1007.5,75,0,0.5,168,0,0
2026,5,29,1,16.5,1007.7,76,0,0.4,77,0,0
2026,5,29,2,16.5,1007.6,77,0,0.6,63,0,0
2026,5,29,3,16,1007.8,78,0,0.6,59,0,0
2026,5,29,4,15.6,1008,80,0,0.7,43,0,0
2026,5,29,5,15.1,1008.1,82,0,0.6,29,1.414359298,0.008640702
2026,5,29,6,16.7,1008.2,75,0,0.6,52,89.56923961,18.97476039
2026,5,29,7,18.7,1008.3,67,0,0.6,80,147.4965394,144.5484606
2026,5,29,8,21.2,1008.7,58,0,0.8,96,160.02108,325.99592
2026,5,29,9,24.1,1007.8,47,0,0.6,115,123.1766615,624.0823385
2026,5,29,10,27.2,1007.6,38,0,0.4,174,150.371595,760.971405
2026,5,29,11,30.9,1007.5,30,0,0.7,214,167.46411,847.46989
2026,5,29,12,32.2,1006.5,24,0,0.3,266,169.672305,858.644695
2026,5,29,13,33.1,1005.8,21,0,0.6,354,161.2225352,817.9534648
2026,5,29,14,33.6,1005.2,18,0,1.1,4,150.041487,759.374513
2026,5,29,15,33.2,1004.4,20,0,1.1,289,160.3822578,567.3357422
2026,5,29,16,33.1,1003.6,22,0,1.9,249,139.0296417,442.8823583
2026,5,29,17,33,1003,23,0,3.4,243,135.1060986,252.9609014
2026,5,29,18,31.4,1002.9,25,0,2.9,233,105.2224771,98.46652286
2026,5,29,19,30.1,1002.8,28,0,2.9,229,27.28156148,0.712438517
2026,5,29,20,29,1002.9,31,0,2.6,219,0,0
2026,5,29,21,27.6,1002.7,37,0,2.4,218,0,0
2026,5,29,22,25.6,1002.6,41,0,2.3,214,0,0
2026,5,29,23,25,1002.6,48,0,1.8,204,0,0
2026,5,30,0,21.6,1002.4,57,0,1,204,0,0
2026,5,30,1,19.6,1002,69,0,0.3,185,0,0
2026,5,30,2,18.2,1001.8,78,0,0.5,49,0,0
2026,5,30,3,17.1,1001.7,79,0,0.4,52,0,0
2026,5,30,4,16.5,1001.7,82,0,0.1,38,0,0
2026,5,30,5,15.8,1001.6,87,0,0,0,0.543842702,0.001157298
2026,5,30,6,17.3,1001.6,78,0,0.1,245,86.93567043,11.83832957
2026,5,30,7,19.4,1001.7,68,0,0.3,249,145.4142633,150.4977367
2026,5,30,8,22.9,1002,60,0,0.5,230,154.514464,338.126536
2026,5,30,9,26,1001.5,51,0,0.9,212,143.2643384,546.3946616
2026,5,30,10,29.1,1001.1,36,0,1.2,211,145.7664582,706.4665418
2026,5,30,11,32.6,1000.4,30,0,1.6,212,164.490315,832.420685
2026,5,30,12,33.6,999.6,29,0,2,217,170.562645,863.150355
2026,5,30,13,34.3,998.8,29,0,2.6,216,162.1744445,823.0205555
2026,5,30,14,34.9,998.3,29,0,3.1,213,152.6778571,733.6121429
2026,5,30,15,34.8,997.6,28,0,3.4,222,168.6711935,549.7368065
2026,5,30,16,35,997.1,28,0,3.4,230,181.8533915,355.0016085
2026,5,30,17,35.4,996.1,28,0,3.8,241,140.5808008,243.6811992
2026,5,30,18,33.7,996.2,29,0,3.5,234,118.6219538,65.12704615
2026,5,30,19,32.1,996.3,31,0,3.4,227,28.09758393,0.744416068
2026,5,30,20,31.4,996.3,33,0,3.3,224,0,0
2026,5,30,21,28.8,996.5,38,0,2.5,228,0,0
2026,5,30,22,27.5,996.7,39,0,1.3,246,0,0
2026,5,30,23,25.3,996.9,47,0,0.6,332,0,0
2026,5,31,0,23.4,996.8,49,0,0.5,342,0,0
2026,5,31,1,21.4,996.9,55,0,0.2,337,0,0
2026,5,31,2,20.5,996.9,59,0,0,0,0,0
2026,5,31,3,20,997,68,0,0.2,42,0,0
2026,5,31,4,19.8,997.2,69,0,0.4,46,0,0
2026,5,31,5,20.2,997.3,75,0,0.5,46,0.594720135,0.001279865
2026,5,31,6,21.5,997.6,74,0,0.3,4,9.466715659,0.030284341
2026,5,31,7,22.9,998,67,0,0.3,295,83.63583421,1.261165786
2026,5,31,8,23.5,998.2,67,0,0.6,279,229.7531138,19.82088615
2026,5,31,9,25,998.1,59,0,0.9,242,319.3269509,60.70404905
2026,5,31,10,26.4,997.9,53,0,1.6,233,376.4433986,141.0386014
2026,5,31,11,28.5,997.7,44,0,1.9,232,404.03451,195.91449
2026,5,31,12,30.8,997.2,38,0,1.7,224,356.0619459,373.0550541
2026,5,31,13,31.8,996.8,37,0,1.4,218,165.6685649,778.1134351
2026,5,31,14,32.4,996.6,36,0,0.9,201,208.6544258,590.2525742
2026,5,31,15,32.7,996.3,35,0,1.7,208,319.3425241,224.1284759
2026,5,31,16,32.6,996,37,0,2.2,214,246.2483223,218.7366777
2026,5,31,17,32.1,996,39,0,3,214,195.2460843,120.4209157
2026,5,31,18,30.5,997,46,0,2.2,216,99.65446284,4.348537163
2026,5,31,19,29.3,997.6,57,0,1.1,211,35.04214089,2.273859111
2026,5,31,20,26.2,998.3,65,0,0.3,45,0,0
2026,5,31,21,26.1,999.3,60,0,0.5,40,0,0
2026,5,31,22,26,999.9,57,0,0.6,42,0,0
2026,5,31,23,26.1,1001.4,54,0,0.6,37,0,0
