Timestamp,OUTDOOR,2FCORRIDOR,3FCORRIDOR,4FCORRIDOR,2F215,3F308,3F309,3F310,4F408,4F409,4F410,4F412,5F510
2026/5/9 0:00,19.9,22.4,23.3,24.392,25.8,25.7,26.6,26.3,25.7,26.3,26.009,24.5,25.35
2026/5/9 1:00,19.1,22.28166667,23.1,24.058,25.8,25.5,26.47733333,26.2,25.426,26.37833333,25.95,24.2,25.20783334
2026/5/9 2:00,17.9,22.132,22.93866667,23.85883334,25.8,25.5,26.47866667,26.2,25.074,26.4,25.687,24,25.08533334
2026/5/9 3:00,15.5,22,22.7,23.55,25.8,25.36666667,26.3,26.1,24.92666667,26.4,25.5,23.8,24.96466667
2026/5/9 4:00,13.7,21.7,22.5,23.37983334,25.7,25.4,26.38,26.1,24.87683334,26.3,25.2925,23.8,24.9
2026/5/9 5:00,13.1,21.5,22.6,23.52016667,25.7,25.26833333,26.28,26,24.7,26.3,25.25,23.8,24.8
2026/5/9 6:00,14.2,21.38766667,22.6,23.55,25.7,25.3,26.3,26,24.51233334,26.3,25.2,23.8,24.86
2026/5/9 7:00,15.4,21.51233333,22.4,23.75,25.7,25.2,26.2,25.9,24.7785,26.4,25.1,23.9,24.94
2026/5/9 8:00,16.7,21.61033333,22.44233333,23.7,25.8,25.3,26.28233333,26,24.93916667,26.5,25.09435216,23.9,25.05
2026/5/9 9:00,17.6,21.61,22.35766667,23.65,25.72233333,25.2,26.18233333,26,24.9205,26.427,25.105,23.824,24.9375
2026/5/9 10:00,17.9,21.8,22.6,23.75,25.8,25.37233333,25.6,25.931,25.62375,26.1,24.902,23.9,24.88866667
2026/5/9 11:00,19.5,22.1,22.8,23.8,26.1,25.52766667,25.48366667,25.831,26.33483334,26.27166667,24.9,24.1,25.15
2026/5/9 12:00,20.2,22.1,22.945,23.75,26,25.7,25.515,25.53233333,25.70366667,26.1,24.79883334,24.1,25.062
2026/5/9 13:00,20.5,22.1,22.9,23.66283334,26.126,25.8,25.9,25.9,25.65600219,26.07033333,24.84983334,24.08616667,25
2026/5/9 14:00,20.8,22.895,23,23.85,26.1,25.8,25.78633333,25.6,27.1245,26.2,24.80008278,23.8,25.0895
2026/5/9 15:00,20.8,22.6,23.154,24.06683334,26.2,25.8,25.71366667,26.36633333,26.61520834,26.4,25.09783334,24,25.45
2026/5/9 16:00,20.7,22.6,23.34766667,24.15,26.3,25.67666667,25.78766667,26.6,26.19566667,26.5,25.15216667,24.1,25.65
2026/5/9 17:00,20.1,22.99633333,23.1,24,26.2,25.52333333,25.5,26.5,25.683,26.1,25.05166667,23.6,25.36333334
2026/5/9 18:00,19.4,22.6,23.24866667,24.1,26.2,25.6,26.1,26,25.37223452,26.5,25.1,23.6,25.75
2026/5/9 19:00,17.9,22.70066667,23.1,24.05,26.2,25.7,26.2,26.1,25.23383334,26.4,25.09966667,23.6,25.8
2026/5/9 20:00,16.1,22.60008333,23,23.98516667,26.2,25.9,26.2,26.238,24.8315,26.3,24.9525,23.5,25.6915
2026/5/9 21:00,15.6,22.39966667,22.95,24.1,26.1,25.9,26.1,26.2,24.6845,26.265,24.9505,23.56566667,25.55
2026/5/9 22:00,15.4,22.50166667,23,24.1165,26.9,25.9,26.2,26.2,24.4845,26.2,24.95,23.5,25.5
2026/5/9 23:00,14.7,22.9975,22.849,23.9,26.43388704,25.7,26.1,26.03933333,24.3,26.4,24.851,23.36433333,25.43466667
2026/5/10 0:00,14.6,22.40333333,22.75233333,23.85,25.9,25.6,26.19266667,26.04066667,24.2,26.4,25.00116667,23.4,25.35
2026/5/10 1:00,13.8,21.80333333,22.6,23.8,25.6,25.382,26,25.9,23.89739693,26.43766667,25.15,23.33733333,25.35
2026/5/10 2:00,12.6,21.90498339,22.45366667,23.68733334,25.6,25.38366667,26,25.9,23.70283334,26.5,25.1,23.3,25.25
2026/5/10 3:00,12.7,21.4,22.25366667,23.6,25.5,25.2,25.9,25.8,23.6,26.4,25.1,23.2,25.25
2026/5/10 4:00,12.3,21.39333333,22.2,23.538,25.4,25.2,25.9,25.8,23.42507123,26.4,25.00266667,23.14033333,25.35
2026/5/10 5:00,11.3,21.3,22.055,23.38133334,25.3,25.1,25.8,25.7,23.188,26.4,25,22.95966667,25.2675
2026/5/10 6:00,13,21.09133333,22,23.4,25.3,25.1,25.8,25.7,23.49283334,26.3,25,23,25.2775
2026/5/10 7:00,14.7,21.3,22.5,23.79166667,25.5,25.1,25.8,25.6,24.23022876,26.558,25,23.3,25.53183334
2026/5/10 8:00,17.7,21.68933333,23,24.17525,25.7,25.4,25.9,25.7,24.99789871,26.7,24.99516667,23.4,25.8
2026/5/10 9:00,20.7,22.3,23.3,24.65,25.9,25.5,25.902,25.746,25.64452632,26.95666667,25.24133334,23.7,26.1
2026/5/10 10:00,26.1,22.5,23.6,25.05,26.05833333,26,26.2,25.94733333,28.53133334,26.9,25.5445,24.055,26.35
2026/5/10 11:00,29.6,22.7,23.7,25.4,26.15714286,26.4,26.3,26.1,31.46833334,26.8,26.097,24.455,26.7
2026/5/10 12:00,30.5,22.9,23.9,25.727,26.243,26.8,26.7,26.4,32.69083334,26.9,26.7905,24.85366667,27.2
2026/5/10 13:00,31.1,23.1,23.9,25.923,26.3,26.8,26.8,26.55133333,32.532,27,27.16016667,25.14633333,27.45
2026/5/10 14:00,32.7,23.18433333,24,25.976,26.4,26.692,26.80166667,26.7,32.3275,27.15266667,27.3825,25.4,27.77916667
2026/5/10 15:00,31.8,23.3,24.1,26.3,26.5,26.4,26.8,26.7,30.59986184,27.35266667,27.85,25.7,28.0815
2026/5/10 16:00,31.5,23.4,24.3,26.358,26.654,26.49333333,26.8,26.75166667,27.54233334,27.7,27.65,25.75066667,28.1
2026/5/10 17:00,30.4,23.5,24.3,26.4,26.7,26.4,26.7,26.7,26.23303948,27.84866667,27.56166667,25.9,27.92833334
2026/5/10 18:00,29.9,23.5,24.3,26.35,26.6,26.4,26.8,26.753,26.45233334,27.8,27.25,25.8,27.72116667
2026/5/10 19:00,29,23.78033333,24.26366667,26.25,26.5,26.4,26.7,26.7,26.62582237,27.7,26.9,25.6,27.4
2026/5/10 20:00,28.4,23.621,24.3,26.05,26.5,26.4,26.8,26.7,26.8815,27.6,26.6,25.6,27.2
2026/5/10 21:00,25.5,23.6,24.2,25.95,26.5,26.4,26.7,26.6,26.95,27.5,26.51,25.55233333,27
2026/5/10 22:00,24.2,23.4,24.266,25.8,26.5,26.39733333,26.707,26.7,26.90533334,27.447,26.26333334,25.5,26.85
2026/5/10 23:00,21.8,23.32333333,24.2,25.7,26.5,26,26.7,26.6,26.69533334,27.4,26.26083334,25.4,26.75
2026/5/11 0:00,21.1,23.3,24.3,25.55,26.5,26,26.8,26.7,26.47633334,27.4,26.1,25.4,26.65
2026/5/11 1:00,20.4,23.4,24.2,25.35,26.55282392,25.9,26.7,26.6,26.4,27.3,26,25.25533333,26.551
2026/5/11 2:00,20.2,23.3,24.1,25.15,26.547,25.89966777,26.8,26.7,26.25,27.25566667,25.85,25,26.50183334
2026/5/11 3:00,17.2,23.2,23.9,25.02116667,26.5,25.8,26.7,26.54166667,26.1,27.1,25.7,24.857,26.425
2026/5/11 4:00,16.6,23,23.8,24.93,26.5,25.89666667,26.71066667,26.6,26,27.1,25.5655,24.8,26.3525
2026/5/11 5:00,15.4,22.82766667,23.6,24.85,26.4,25.7,26.68933333,26.5,25.84766667,27.043,25.51633334,24.64166667,26.3
2026/5/11 6:00,17.3,22.9,23.7,24.96633334,26.5,25.79698997,26.7,26.6,25.88116667,27.1,25.4705,24.64019934,26.44683334
2026/5/11 7:00,18.5,23.11377778,24,25.15,26.7,25.7,26.612,26.5,26.2,27.3,25.6,24.8,26.75
2026/5/11 8:00,21.1,23.3,24.2,25.35908334,26.8,26.09130435,26.8,26.6,26.57165784,27.4,25.55,24.9,27.05
2026/5/11 9:00,23.2,23.469,24.4,25.7114934,26.9,24.90433333,26.8,26.5,27.3505,27.5,25.6645,25.1,27.19616667
2026/5/11 10:00,24.7,23.8,24.7,26.15,27.141,25.29433333,26.62933333,26.63633333,28.44616667,27.239,25.93216667,25.4,27.45658334
2026/5/11 11:00,27.8,23.933,24.7,26.31716667,27.4,25.69433333,26.01466667,26.8,29.14553948,27.5,26.4,25.6,27.8
2026/5/11 12:00,29.1,24,24.8,26.401,27.83966667,25.8,26.1,26.9,32.31183334,27.83733333,26.7,25.8,28.34483334
2026/5/11 13:00,30.1,24.26533333,24.9,26.6,28.1,25.507,25.9,27.1,33.25983334,28.1,26.68566667,26,28.5785
2026/5/11 14:00,30.9,24.5,25.1,26.75,27.9,25.4,25.8,27.4,32.72233334,28.4,26.45,26.2,29.04416667
2026/5/11 15:00,30.7,24.7,25.1,26.91566667,28,25.59133333,26.6,27.5,30.16627632,28.6,26.37033334,26.3,29.3
2026/5/11 16:00,30.6,24.8,25.27733333,27,28.2,26.28996656,26.21833333,27.7,28.36933334,28.86533333,26.32966667,26.3,29.3565
2026/5/11 17:00,30.8,24.7,25.2,26.9,28.3,26.5,25.98166667,27.6,27.1440636,28.3,26.22883334,26.13166667,29.47983334
2026/5/11 18:00,28.7,24.7,25.3,26.9,28.4,26.08862876,25.8,27.7,26.54166667,28.3,26.07883334,26.1,29.5
2026/5/11 19:00,26.4,24.7,25.2,26.799,28.4,25.7,26.6,27.6,26.06477632,28,25.95,26.1,29.2305
2026/5/11 20:00,25,24.7,25.3,26.6,28.3,25.68729097,26.921,27.27066667,25.996,28.1,25.81883334,26,28.85783334
2026/5/11 21:00,24.7,24.9,25.2,26.6,28.3,25.5,27,27.1,26.31595395,28,25.7425,25.92866667,28.55
2026/5/11 22:00,24.2,24.6,25.3,26.5,27.98433333,25.98595318,27.12233333,27.072,26.5,28,25.5,25.8,28.3
2026/5/11 23:00,24.2,24.44366667,25.18133333,26.3,27.8,26.3,27.1,26.872,26.35,28.1,25.5465,25.8,28.0585
2026/5/12 0:00,22.6,24.3,25,26.053,27.7,26.28433333,27.2,26.87333333,26.23833334,28.1,25.52633334,25.8,27.95916667
2026/5/12 1:00,21.3,24.1,24.9,25.95,27.7,26.1,27.1,26.7,26.3,28,25.5255,25.8,27.8325
2026/5/12 2:00,20.5,23.94633333,24.8,25.85,27.7,26.183,27.2,26.7,26.1065,28,25.929,25.8,27.8
2026/5/12 3:00,19.1,23.9,24.7,25.60366667,27.7,26.1,27.1,26.6,25.95,27.9,26.322,25.7,27.7
2026/5/12 4:00,18.4,23.7,24.7,25.54416667,27.6,26.18166667,27.2,26.6,25.75733334,27.9,26.5,25.8,27.65
2026/5/12 5:00,17.2,23.4,24.5,25.45,27.6,26.1,27.2,26.5,25.5585,27.774,26.65,25.722,27.55
2026/5/12 6:00,18.6,23.2,24.5,25.4,27.7,26.1,27.2,26.5,25.3585,27.8,26.65,25.77933333,27.6
2026/5/12 7:00,19.6,23.35066667,24.5,25.70933334,27.7,26.1,27.12733333,26.4,25.48766448,27.92466667,26.77383334,25.8,27.8
2026/5/12 8:00,20.6,23.5,24.7,26,27.9,26.379,27.3,26.47866667,25.85591667,28.1,26.85,25.8,28.1
2026/5/12 9:00,23.3,23.8,24.71233333,26.24433334,27.82233333,26.4,27.22866667,26.4,26.89160131,28,26.80466667,25.8,27.66466667
2026/5/12 10:00,24.7,24.2,25,26.45633334,27.9,26.17740864,27.3,26.5,29.19083334,27.9165,26.27266667,25.9,28.15133334
2026/5/12 11:00,27.3,24.6,25.21133333,26.85,28,25.87733333,27.47,26.9,30.07130921,28.278,26.4,26.1,28.70133334
2026/5/12 12:00,29.6,24.9,25.5,27.05,28.2,25.9,27.43133333,27.38166667,31.29,28.6,26.5,26.4,29.05
2026/5/12 13:00,30.5,25.04533333,25.41,27.16416667,28.51966667,25.6,27.13133333,27.4,31.8345,29,26.7,26.516,29.51333334
2026/5/12 14:00,31.5,25.356,25.6,27.35633334,28.98066667,25.3,26.73233333,27.7,31.59283334,28.8,26.82883334,26.7,29.87333334
2026/5/12 15:00,31.5,25.5,25.50866667,27.5,29,25.5,26.3,27.8,29.72996732,28.7,26.877,26.8,29.53866667
2026/5/12 16:00,31,25.54233333,25.6,28.1,29.08266667,25.97333333,25.93366667,27.9,28.33766667,28.6,27.004,27,28.36466667
2026/5/12 17:00,30.8,25.6,25.69266667,28.01133333,29.1,26.2,25.8,27.9,27.56644737,28.5,26.57766667,27,28.05
2026/5/12 18:00,30.7,25.6,25.7,27.9,29,26.4,25.7,27.9,27.039,29.01633333,26.35,26.8,27.854
2026/5/12 19:00,28.7,25.6,25.6,27.7,28.91466667,25.9,26.2,27.98566667,26.71480263,29,26.12833334,26.6,27.354
2026/5/12 20:00,28.2,25.6,25.7,27.6,28.8,25.7,26.8,28,27.03583334,29,25.93133334,26.49,26.716
2026/5/12 21:00,27.5,25.5,25.705,27.5,28.7,25.5,27.06366667,28,27.45,29,25.95,26.4,27.45
2026/5/12 22:00,27.1,25.43766667,25.9,27.4,28.68766667,25.4,27.33766667,28.1,27.65,29,25.7175,26.3,27.8
2026/5/12 23:00,26.5,25.4,25.8,27.3,28.6,25.9,27.4,28.1,27.7,28.9,25.62983334,26.2,27.9
2026/5/13 0:00,24.5,25.3,25.8,27.1,28.6,26.26766667,27.6,28.1,27.71016667,28.9,25.43,26.2,28.05
2026/5/13 1:00,23.6,25.3,25.7,27,28.6,26.3,27.6,28.1,27.7,28.9,25.416,26.1,28.1
2026/5/13 2:00,21.5,25.16533333,25.699,26.9,28.7,26.46633333,27.64,28.1,27.65,28.811,26.35,26.4,28.13183334
2026/5/13 3:00,20.9,25,25.5,26.7,28.6,26.4,27.6,28.1,27.5,28.8,26.8,26.5,28.11816667
2026/5/13 4:00,20.3,24.8,25.5,26.6,28.6,26.465,27.74133333,28.1,27.40366667,28.8,26.9,26.5,28.0765
2026/5/13 5:00,19.5,24.7,25.4,26.5,28.6,26.4,27.64133333,28,27.35,28.8,27.05,26.4,28.05783334
2026/5/13 6:00,20.6,24.7,25.40133333,26.59966667,28.6,26.46366667,27.8,28.09366667,27.45,28.8,27.1,26.4,28.20716667
2026/5/13 7:00,21.7,24.732,25.49866667,26.8,28.8,26.5,27.7,28,27.731,28.9,27.21383334,26.4,28.4805
2026/5/13 8:00,23.5,24.9,25.697,27.1,28.9,26.66212625,27.9,28.095,28.1,29,27.3,26.4,28.8
2026/5/13 9:00,24.7,25.3,25.897,27.6,29,26.238,27.9,28,28.68033334,29.10666667,27.5,26.40033333,28.637
2026/5/13 10:00,27.6,25.7,26.1,27.997,29.1,25.7,26.94533333,28.19633333,30.16266667,28.09433333,27.271,26.5,28.015
2026/5/13 11:00,29,25.9,26.2,28.297,29.4,25.7,26.54533333,27.9,32.28864379,27.6,27.0345,26.5,27.95
2026/5/13 12:00,30.1,26.02666667,26.30566667,28.49533333,29.5,25.85933333,27,28,33.16666667,27.7,26.96533334,26.5,28.05
2026/5/13 13:00,31.3,26.32666667,26.5,27.52833334,29.5,26,27.14666667,28.193,34.15,27.9,26.91116667,26.79666667,28.1
2026/5/13 14:00,32.8,26.4,26.6,28.13433334,30.3,25.858,26.248,28.00066667,34.02166667,27.4,27.05,27.3,27.31783333
2026/5/13 15:00,32.5,26.62533333,26.59333333,28.44666667,30,25.7,26.148,28.9,32.944,27.49766667,27.08604651,27.5,26.74566667
2026/5/13 16:00,32.5,26.7,26.608,28.485,29.99766667,25.7,26.04933333,29.2,31.97066667,27.401,27.1,27.6,26.53083333
2026/5/13 17:00,32.8,26.776,26.608,28.65,30.59633333,25.84333333,26,29.3,31.147,27.3,27.15,27.60633333,26.45366667
2026/5/13 18:00,31.6,26.7,26.7,28.55,30.69633333,25.95533333,26.1,29.6,30.557,26.9,27,27.6,26.7235
2026/5/13 19:00,29.9,26.6,26.6,28.45,30.6,25.9,25.949,29.4,26.50366667,27,26.88766667,27.5,27.4325
2026/5/13 20:00,27.6,26.6,26.7,28.4,30.505,25.5538206,26,29.4,26.713,27.998,26.01233334,27.1,28.2
2026/5/13 21:00,27.5,26.7,26.9,28.337,30.40333333,25.22316667,25.9,29.39666667,26.82341667,28.2,25.85,26.9,28.42816667
2026/5/13 22:00,27.4,26.5,26.8,28.05,29.81333333,25.35233333,25.9,29.4,27.313,28.00366667,25.742,26.71066667,28.6
2026/5/13 23:00,27.4,26.6,26.8,28.05716667,28.29197324,26.1,25.8,29.4,28.296,28,25.4,26.6,28.7
2026/5/14 0:00,26.4,26.6,26.8,27.95,28.9,26.451,25.85466667,29.306,28.64483334,28.69533333,25.254,26.5,28.8
2026/5/14 1:00,25.2,26.5,26.7,27.85,29.1,26.6,25.7,29.2,28.75,29.3,25.23966667,26.4,28.85
2026/5/14 2:00,24.6,26.5,26.8,27.75,29.2,26.74966667,25.744,29.2,28.75,29.6,25.35866667,26.4,28.88808334
2026/5/14 3:00,23.9,26.5,26.7,27.73916667,29.3,26.8,25.6,29.1,28.77733334,29.79366667,27,26.9,28.9
2026/5/14 4:00,23.7,26.4,26.7,27.5,29.4,26.84833333,25.7,29.10866667,28.7,29.9,27.4,27.28466667,28.95
2026/5/14 5:00,23.2,26.08566667,26.5,27.34966667,29.4,26.9,25.6,28.9,28.55,30.1,27.6,27.28466667,28.877
2026/5/14 6:00,22.7,25.6,26.383,26.95,29.4,26.9,25.64133333,28.81033333,28.2,30.1,27.51333333,27,28.90116667
2026/5/14 7:00,22.7,25.6,26.1,26.98933334,29.4,26.9,25.45866667,28.7,28.17916667,30.109,27.60383334,26.983,28.95
2026/5/14 8:00,22.7,25.6,26.01833333,26.56116667,29.4,26.94551495,25.56,28.6,28.35,30.4,27.64616667,26.819,29.04816667
2026/5/14 9:00,24.2,25.511,25.9,26.69116667,29.5,26.45466667,25.5,28.41133333,28.55,30.3,26.80683334,26.7,28.132
2026/5/14 10:00,25.1,26.00966667,26.4,27.188,29.31627907,25.8,25.8,28.5,28.95,30,26.7,27,27.6
2026/5/14 11:00,26.7,26.4,26.6,27.55,29,26.644,25.8,28,31.03066667,28.52333333,26.94383334,27.2,27.85
2026/5/14 12:00,28.1,26.59166667,26.7,27.7,28.9,27.24266667,25.93766667,27.81433333,32.14833334,28.1,26.556,27.32266667,27.9
2026/5/14 13:00,30,26.7,26.82066667,27.6925,28.9,27,25.73766667,27.4,33.67933334,28.113,26.6,27.2,27.95
2026/5/14 14:00,30.7,26.8,26.9,27.9865,29.5,26.84133333,25.46366667,27.3,32.21,27.71433333,26.65,27.3,28.11966667
2026/5/14 15:00,31.6,27.1,26.8,28.1365,29.8,26.8,25.5,27.28433333,29.20316667,27.5,26.74533334,27.3,28.01316667
2026/5/14 16:00,31.5,27,26.72333333,28.08533334,29.9,26.66,25.5,27.2,28.085,27.4,26.44533334,27.22666667,25.23566667
2026/5/14 17:00,31.2,27.1,26.7,28.2,29.422,26.16,25.265,27.5,27.3885,27.3,25.79633334,27,25.6
2026/5/14 18:00,29.7,27.1,26.8,28.05,29.178,26,25.3,27.61833333,26.883,27.2,25.5,26.9,26
2026/5/14 19:00,28.2,27.1,26.7,28.0445,29.8,25.7,25.46633333,26.63666667,26.40916667,26.98233333,26.199,26.9,26.8075
2026/5/14 20:00,26.8,27.1,26.9,27.7055,29.6,26.37466667,25.26733333,26.88033333,26.18666667,26.719,26.2245,27,26.156
2026/5/14 21:00,25.5,26.9,26.9,27.46183334,29.62566667,26.8,25.1,27.2,25.98666667,26.4,26.25,26.9,26.39966667
2026/5/14 22:00,24.5,26.7,26.827,27.58283334,29.6,27,25.1,27.321,25.772,27.7,26.25,26.9,27.4
2026/5/14 23:00,23.9,26.50066667,26.6,27.47883334,29.9,27,25.8,27.3,25.59233334,28.67966667,26.77366667,27,27.84333334
2026/5/15 0:00,23.2,26.30066667,26.6,27.068,29.9,27.03433333,26.4,27.36116667,25.53533334,29.1,26.80266667,27,28.06616667
2026/5/15 1:00,22.8,26.00066667,26.42833333,26.99666667,29.8,27,26.63,27.2,25.42933334,29.3,27.09616667,26.86666667,28.21616667
2026/5/15 2:00,21.9,25.60233333,26.22966667,26.65,29.7,27.033,26.9,27.22366667,25.28166667,29.5,27.30033334,26.7,28.3
2026/5/15 3:00,21.5,25.10233333,25.92966667,26.36866667,29.66866667,27,26.9,27,25.13166667,29.5,27.35,26.43466667,28.31566667
2026/5/15 4:00,20.6,24.9,25.9,26.2695,29.6,26.93166667,27.1,27,25.12066667,29.5,27.34533334,26.4,28.4
2026/5/15 5:00,20.1,24.7,25.8,26.3695,29.5,26.96833333,27,26.9,24.9335,29.5,27.45,26.4,28.35
2026/5/15 6:00,20.3,24.7,25.9,26.32016667,29.5,26.93033333,27.2,26.9,24.93933334,29.474,27.55,26.4,28.45
2026/5/15 7:00,20.6,24.7,25.632,26.27016667,29.5,26.9,27.2,26.8,25.06566667,29.5,27.5,26.3,28.5
2026/5/15 8:00,20.9,24.80666667,25.6,26.15,29.5,27,27.4,26.9,25.068,29.6,27.496,26.3,28.6
2026/5/15 9:00,21.3,24.9,25.53333333,26.24933334,29.43533333,27,26.3,26.8,25.24266667,29.6,26.89700997,26,25.88
2026/5/15 10:00,21.8,25.1,25.63466667,26.15,28.73566667,27.12757475,25.8,26.8,25.56766667,28.94166667,26.45,25.9,25.88916667
2026/5/15 11:00,22.1,25.2,25.6,26.072,28.4,27.17266667,26,25.8,25.65,26.77166667,26.35397453,25.742,25.92566667
2026/5/15 12:00,22.2,25.1,25.6,26,28.2,27.326,26.07766667,25.33066667,25.991,27.24,26.25,25.7,26.05066667
2026/5/15 13:00,22.3,25.2,25.6,26.2,27.9,27.4,25.5,26.5,26.5395,28,26.05,25.8,26.05066667
2026/5/15 14:00,22.3,25.4,25.8,26.22616667,28.2,26.7,25.379,27.2,26.98866667,28.3,26.00833334,25.9,26.18783334
2026/5/15 15:00,23.4,25.68866667,25.9,26.47483333,28.7,25.67533333,25.121,27.5,26.49166667,28.6,26.24498328,26.055,26.61216667
2026/5/15 16:00,23.3,25.8,26.03833333,26.5,28.7,25.4,25.2,27.43333333,26.59233334,28.7,26.35,26.1,26.91283334
2026/5/15 17:00,23.7,25.8,25.96166667,26.54784053,28.6,25.22333333,25.1,27,26.67883334,28.46533333,26.39416667,26.1,26.8235
2026/5/15 18:00,23.8,25.8,26.1,26.4,28.6,25.24347826,25.18166667,27.1,26.85366667,26.834,26.344,26.148,26.85333334
2026/5/15 19:00,23,25.615,26.06033333,26.49732442,28.6,25.522,25.08166667,27.4,26.9,26.634,26.24333334,26.1,26.6135
2026/5/15 20:00,22.8,25.6,26,26.35266667,28.556,25.64080268,25.6,27.3,26.9275,26.5,26,26.14933333,26.88583334
2026/5/15 21:00,22.5,25.5,25.9,26.34651163,28.6,26.4,26.1,27.1,26.95,26.3,25.96129568,26.1,27.25933334
2026/5/15 22:00,22.1,25.418,25.942,26.22633334,28.8,26.619,26.5,27.1,26.92916667,26.1,25.9,26.1,27.50866667
2026/5/15 23:00,22,25.5,25.8,26.29583334,28.85333333,26.7,26.6,26.93733333,26.95,26.03666667,25.89197325,26.05166667,27.6
2026/5/16 0:00,21.9,25.3,25.94333333,26.35,29.2,26.7,26.8,27,26.95,27.124,25.7795,25.9,27.7235
2026/5/16 1:00,21.7,25.2,25.9,26.35,29.248,26.8,26.8,26.9,26.94616667,28,25.66316667,25.85333333,27.8
2026/5/16 2:00,21.6,25.1,25.9,26.15,29.2,26.71605351,27,27,26.84616667,28.4,25.55,25.7,27.8
2026/5/16 3:00,21.4,24.9,25.7,26.1445,29.14933333,26.7,27,26.9,26.8,28.56066667,25.75233333,25.6,27.8235
2026/5/16 4:00,20.8,24.824,25.8,26.15,29.1,26.71471572,27.1,27,26.75,28.7,26.29033334,25.6,27.9
2026/5/16 5:00,20.4,24.624,25.7,26.07383334,28.95149502,26.7,27.1,26.9,26.7,28.8,26.33953489,25.5,27.85
2026/5/16 6:00,20.3,24.5,25.6,26,28.9,26.71362126,27.2,27,26.67483334,28.742,26.4,25.5,27.85
2026/5/16 7:00,20.2,24.47466667,25.6,26.08066667,28.9,26.6,27.2,26.9,26.75,28.8,26.516,25.45766667,27.9
2026/5/16 8:00,20.2,24.673,25.5,25.9685,29.04666667,26.712,27.25466667,27,26.97383334,28.95633333,26.55,25.5,28.10516667
2026/5/16 9:00,20.8,24.6365,25.4,26,29.2,26.588,27.3,26.95566667,27.6725,29.25633333,26.55,25.44066667,28.45
2026/5/16 10:00,21.7,24.8,25.64966667,26.1425,29.4,25.71066667,27.5,27.04566667,28.02833334,29.4,26.47883334,25.5,28.65
2026/5/16 11:00,22.8,24.9,25.7,26.25,29.644,25.7,27.4,27,28.348,29.9,26.4325,25.5,28.7545
2026/5/16 12:00,22.4,24.9,25.7,26.2,29.6,25.7,27.6,27.047,28.52066667,30.2,26.3,25.5,28.66966667
2026/5/16 13:00,22,24.86933333,25.5,26.09116667,29.4,25.5,27.5,27,28.15133334,30.2,26.23666667,25.5,28.21966667
2026/5/16 14:00,21.7,24.8,25.5,26.05,29.4,25.508,27.69433333,27.04833333,28.21983334,29.94766667,26.1,25.5,28.35
2026/5/16 15:00,21.6,24.7,25.3,25.9405,29.3,26.008,27.6,26.9,27.80216667,29.2,26.10495318,25.4,28.35
2026/5/16 16:00,21.6,24.66633333,25.35366667,25.95,29.2,26.41333333,27.6,26.94966667,27.6,29,26,25.4,28.25
2026/5/16 17:00,21.4,24.73366667,25.3,25.97966667,29.2,26.7,27.6,26.9,27.5,28.9,25.98516667,25.3,28.1
2026/5/16 18:00,20.7,24.8,25.455,25.9,29.06066667,26.6,27.6,26.951,27.35,29.5,26,25.3,27.75
2026/5/16 19:00,20.1,24.7,25.3,25.8,28.6,25.9,27.6,26.851,27.25366667,29.8,26,25.3,27.85
2026/5/16 20:00,18.9,24.23733333,25.2,25.714,28.46166667,26.20398671,27.69833333,26.9,27.15,29.8,26.08433334,25.5,27.85
2026/5/16 21:00,18.7,23.96266667,24.9,25.65,28.26366667,26.30366667,27.6,26.8,27.08266667,29.8,26.05,25.5,27.85
2026/5/16 22:00,18.4,23.9,24.9,25.5,28.1,26.40233333,27.6,26.95366667,27,29.8,26,25.3,27.85
2026/5/16 23:00,18.3,23.7,24.7,25.4,28,26.4,27.6,26.8,26.95,29.8,25.93283334,25.12966667,27.8
2026/5/17 0:00,18.1,23.74033333,25.1,25.53783334,27.8,26.401,27.699,26.9,26.90516667,29.9,25.9,25.1,27.8
2026/5/17 1:00,17.9,23.54033333,24.9,25.337,27.73333333,26.4,27.5,26.8,26.9,29.9,25.85566667,24.9,27.70016667
2026/5/17 2:00,17.7,23.4,24.9,25.41116667,27.66666667,26.4,27.6,26.85633333,26.8,29.8,26,24.9,27.6745
2026/5/17 3:00,17.6,23.4,24.8,25.38633334,27.56766667,26.4,27.5,26.7,26.79333334,29.8,26.15,24.82666667,27.601
2026/5/17 4:00,17.4,23.3,24.8,25.2895,27.5,26.3,27.54833333,26.7,26.75,29.8,26.15,24.775,27.6015
2026/5/17 5:00,17.1,23.3,24.7,25.43566667,27.4,26.3,27.5,26.64233333,26.70783334,29.8,26.13056479,25,27.55
2026/5/17 6:00,17.3,23.3,24.76233333,25.5,27.4,26.3,27.59533333,26.7,26.7,29.9,26.15,25,27.55
2026/5/17 7:00,17.3,23.3,24.76233333,25.635,27.4,26.3,27.5,26.6,26.75,29.8,26.22416667,25.2,27.55
2026/5/17 8:00,17.6,23.1,24.5,25.1,27.5,26.39572368,27.594,26.7,26.8,29.8,26.1,25,27.55
2026/5/17 9:00,17.6,23,24.3,25.1,27.6,26.40466667,27.5,26.6,26.85,29.8,26.05,24.9,27.50283334
2026/5/17 10:00,18,23.1,24.4,25.15,27.6,26,27.59266667,26.7,26.95,29.8,25.99766667,24.9,27.55
2026/5/17 11:00,18.3,23.2,24.4,25.23366667,27.7,26,27.5,26.6,27.05996678,29.46133333,25.9784281,24.9,27.6
2026/5/17 12:00,18.4,23.25033333,24.4,25.15,27.6,26,27.59133333,26.66333333,27.09,28.66266667,26,24.88066667,27.65
2026/5/17 13:00,18.5,23.2,24.4,25.176,27.57566667,25.90733333,27.5,26.6,27.1,28.4,25.89916667,24.88066667,27.47783334
2026/5/17 14:00,18.7,23.2,24.36733333,25.083,27.5,25.9,27.590301,26.66466667,27.1,28.2,25.92816667,24.8,27.2785
2026/5/17 15:00,18.5,23.152,24.3,25.13866667,27.5,25.9,27.5,26.5,27,28.1,25.9765,24.7,27.15
2026/5/17 16:00,18.3,23.2,24.4,25.06216667,27.4,26.1,27.589,26.6,26.9,28,25.9,24.9,27.05566667
2026/5/17 17:00,18.2,23.1,24.23133333,25.03166667,27.4,26.3,27.5,26.566,26.79083334,27.9,25.97583334,24.8,26.95
2026/5/17 18:00,18.2,23.055,24.3,25.29516667,27.3,26.3,27.58766667,26.6,26.7,27.9,25.85,24.7,26.9
2026/5/17 19:00,18.1,23.045,24.2,25.08089701,27.1,26.3,27.5,26.5,26.65,28.3,25.47483334,24.7,26.85
2026/5/17 20:00,18.1,23.1,24.4,25.15,27,26.1,27.5,26.6,26.6,28.5,25.18033334,24.8,26.95
2026/5/17 21:00,18.1,23.1,24.5,25.33016667,27.1,25.913,27.4,26.5,26.55,28.3,25.10516667,24.9,26.96933334
2026/5/17 22:00,18.1,23.15866667,24.5,25.3,27,25.9,27.485,26.5,26.5,28.43066667,25.0615,24.8,26.95
2026/5/17 23:00,18.1,23.2,24.47233333,25.1795,27,25.8,27.4,26.4,26.5,28.9,25.49633334,24.8,26.9
2026/5/18 0:00,17.8,23.1,24.37366667,25.15,26.9,25.71546053,27.4,26.5,26.45,29.029,25.15,24.8,26.9
2026/5/18 1:00,17.7,22.9,24.2,25.07883334,26.7,25.6,27.4,26.4,26.4,29.1,25.00516667,24.6,26.80833334
2026/5/18 2:00,17.3,22.8,24.2,25,26.7,25.5,27.3826087,26.47266667,26.3655,29.1,25.23116667,24.7,26.80916667
2026/5/18 3:00,17.1,22.837,24.075,25.02816667,26.6,25.483,27.3,26.3,26.35,29.1,25.4717608,24.60766667,26.75
2026/5/18 4:00,16.9,22.8,24.1,25.05,26.6,25.5,27.38133333,26.474,26.3,29.2,25.5,24.7,26.78333334
2026/5/18 5:00,16.6,22.8,24,25.0275,26.6,25.41833333,27.3,26.3,26.3,29.1,25.65,24.7,26.7
2026/5/18 6:00,16.7,22.8,24,25.00033334,26.6,25.4,27.38,26.37533333,26.3,29,25.65,24.7,26.7
2026/5/18 7:00,17,22.834,24,25.17683334,26.8,25.4,27.3,26.2,26.53633333,29.1,25.68466667,24.6,26.75
2026/5/18 8:00,17.2,23.03266667,24.17933333,24.97416667,27,25.5,27.37866667,26.3,26.88216667,29.176,25.8195,24.4,26.95
2026/5/18 9:00,20.2,23.3,24.32066667,25.27616667,27.1,25.67866667,27.3,26.3,27.3,28.676,25.81889632,24.5,26.66533334
2026/5/18 10:00,22.9,23.9,24.7,25.6,27.1,25.97763158,26.1,26.3,28.60666667,28.42266667,25.75,24.6,26.63533334
2026/5/18 11:00,25.4,24.2,24.81966667,25.87366667,27.4,26.5,25.8,26.5,30.541,29.12266667,25.86816667,24.9,26.4
2026/5/18 12:00,26.1,24.4,25.1,26.1255,27.49166667,26.7,25.67625418,27.37966667,30.47183333,29.07866667,26.032,25.09933333,26.3
2026/5/18 13:00,27.3,24.6,25.2,26.4,26.7,26.9,25.87633333,27.5,32.95,29.2,26.15,25.3,26.1
2026/5/18 14:00,29.1,24.8,25.4,26.57483334,27.3,27.1,25.64950166,28.181,32.94233334,29.32,26.5,25.5,26.16316667
2026/5/18 15:00,28.5,25,25.4,26.8,27.7,25.72533333,25.3,27.919,30.84266667,29.52,26.86633334,25.6,26.06316667
2026/5/18 16:00,28.4,25.2,25.58433333,26.9,27.9,25.57368421,25.27333333,28.2,29.92133334,29.7,26.86633334,25.60433333,26.05
2026/5/18 17:00,29.7,25.12633333,25.5,27.0235,28,25.5,25.07366667,28.2,28.922,29.81833333,26.86561462,25.6,26.03616667
2026/5/18 18:00,27.4,25.1,25.6,26.92166667,27.904,25.42763158,25.67233333,28.4,28.472,30,26.7,25.6,26.03816667
2026/5/18 19:00,25.5,25,25.5,26.77275748,28,25.7,26.17233333,28.3,28.00016667,29.8,26.4,25.6,25.75
2026/5/18 20:00,24.1,24.9,25.5,26.52733334,27.89833333,25.87105263,26.471,27.97,27.7,29.5,26.2,25.6,26.13483334
2026/5/18 21:00,22.7,24.8,25.4,26.3,28.09933333,26.1,26.6,27.4,27.42383334,29.2,26.11404683,25.5,26.35
2026/5/18 22:00,22.2,24.67833333,25.388,26.14383334,28.89966667,26.4,26.76966667,27.2,27.2,29.1,26.05,25.3,26.45
2026/5/18 23:00,21.5,24.57833333,25.188,26.01483333,28.80166667,26.2,26.8,26.9,26.9755,29.5,26.06333334,25.29133333,26.5
2026/5/19 0:00,20.6,24.4,25.1,25.94283334,28.7,26.3,26.86833333,26.98766667,26.3305,29.8,26.03666667,25.28966667,26.55
2026/5/19 1:00,19.6,24.3,24.9,25.81333334,27.803,26.3,26.9,26.79383333,25.7525,29.8,25.91254181,25.18966667,26.5
2026/5/19 2:00,18.7,24.1,24.8,25.6,27.5,26.2,26.967,26.789,25.59683334,29.7,26.4,25.2,26.558
2026/5/19 3:00,18.9,24,24.7,25.66983334,27.3,26.2,26.9,26.5945,25.59683334,29.7,26.50483334,25.2,26.5
2026/5/19 4:00,19.3,23.917,24.8,25.65,27.3,26.2,26.96588629,26.6,25.55,29.71033333,26.5,25.2,26.55
2026/5/19 5:00,19.3,23.9,24.7,25.65,27.3,26.2,26.8,26.40966667,25.55,29.7,26.61103679,25.2,26.51783334
2026/5/19 6:00,19.8,23.9,24.793,25.6,27.3,26.2,26.96466667,26.5,25.55,29.7,26.6,25.2,26.6
2026/5/19 7:00,20,24.01466667,24.7,25.71839465,27.4,26.2,26.9,26.4,26.13966667,29.7,26.81033334,25.09216667,26.7
2026/5/19 8:00,20.7,24.1,24.79433333,25.55,27.6,26.3,26.96333333,26.49333333,26.839,29.9,26.85,25.1,26.957
2026/5/19 9:00,22.1,24.2,24.8,25.81777409,27.9,26.4,27,26.4,27.262,30.1,26.44533334,25,26.421
2026/5/19 10:00,23.5,24.6,25.09566667,26.01766667,27.99033333,26.5,26.3,26.29466667,28.17133334,29.694,26.1,25.2,25.01983334
2026/5/19 11:00,24.7,24.7,25.2,26.4,28.5,26.86066667,25.6,26.50566667,29.562,28.4,25.86766667,25.3,24.86983334
2026/5/19 12:00,25.1,25.1,25.49666667,26.5,28.5,26.32039474,25.36066667,27.304,30.8135,27.39066667,25.95,25.47966667,24.99433334
2026/5/19 13:00,25.6,25.1,25.5,26.7,28.5,25.4,26.53933333,27.604,31.41983334,27,26.05516667,25.6,24.95
2026/5/19 14:00,26.7,25.2,25.698,26.92533333,28.5,25.6,26.3,27.9,30.79833334,27.3,26.208,25.6,24.6665
2026/5/19 15:00,26.4,25.3,25.7,27,28,25.7,26.1,28.10266667,30.34216667,27.9,26.35685619,25.7,24.6765
2026/5/19 16:00,26.4,25.4,25.8,27.1,27.886,25.44276316,25.85819398,28.49866667,29.53933334,28.098,26.348,25.72466667,24.87366667
2026/5/19 17:00,26.2,25.3,25.7,27.02666667,28.58466667,25.6,25.7,28.5,28.76333334,28.202,26.20733333,25.7,25.91033334
2026/5/19 18:00,25.3,25.5,25.70066667,26.9,28.3,26.25592105,25.8,28.5,28.33166667,28.8,26.14283334,25.7,27.01358334
2026/5/19 19:00,24.3,25.3,25.6,26.8,27.9,26.5,25.7,27.9,27.797,29.1,25.9,25.6,27.17716667
2026/5/19 20:00,22.8,25.3,25.602,26.7,26.91666667,26.54539474,26.11133333,27.69866667,27.8,28.9,25.7505,25.6,27.15
2026/5/19 21:00,22.7,25.2,25.5,26.5,26.4,25.746,26.5,27.4,27.7,28.9,25.75468228,25.5,27.05
2026/5/19 22:00,22.1,25.2,25.6,26.4,26.1,25.95328947,26.85433333,27.3,27.6,29,25.6,25.5,26.95
2026/5/19 23:00,21.8,25.1,25.4,26.1,26,26.2,26.9,27.1,27.45,29.1,26.254,25.4,26.95
2026/5/20 0:00,21.3,24.5,25.4,25.86666667,25.71966667,26.35164474,27.053,27.096,27.1955,29.3,26.5,25.3,26.95
2026/5/20 1:00,20.6,24.402,25.19566667,25.7,25.6,26.4,27,26.9,27.06533334,29.3,26.7,25.3,26.87516667
2026/5/20 2:00,19.9,24.1,25.1,25.435,25.4,26.4,27.02583333,26.99466667,27.05,29.3,26.65,25.2,26.9
2026/5/20 3:00,19.8,24.00366667,25,25.4,25.3,26.4,27.1,26.8,27.05,29.3,26.7025,25.1,26.85
2026/5/20 4:00,19.7,23.9,25.007,25.4,25.2,26.4,27.2,26.88666667,27,29.4,26.65,25.13433333,26.9
2026/5/20 5:00,19.5,23.8,24.907,25.5,25.67566667,26.4,27.1,26.79333333,26.963,29.3,26.7013378,25.3,26.85
2026/5/20 6:00,19.9,23.9,25,25.5,26.1,26.4,27.24882943,26.792,27.05,29.20766667,26.7,25.2,26.95
2026/5/20 7:00,20.5,23.9,24.8,25.4,26.3,26.4,27.2,26.7,27.2,29.3,26.7,25.1,27
2026/5/20 8:00,20.9,24.2,24.9,25.2,25.874,26.15361842,27.29498328,26.79066667,27.46316667,29.4,26.60433334,25,27.2
2026/5/20 9:00,21.3,24.3,24.9,25.6,26.62733333,26.1,27.3,26.7,27.75,29.6,26.55,25.1,27.17866667
2026/5/20 10:00,21.9,24.5,25.11066667,25.841,26.47266667,26.1,26.4,26.7,28.33766667,29.1,26.24983334,25.23966667,27.35
2026/5/20 11:00,22.6,24.7,25.2,25.959,27.07133333,25.4,25.5,26.2,28.273,29,26.15,25.3,27.585
2026/5/20 12:00,22.9,24.9,25.412,26,28.32866667,25.4,25.345,26.388,28.577,29.1,26.051,25.4,25.5315
2026/5/20 13:00,23.4,24.9,25.3,26.057,28.13033333,25.4,25.1,26.3,28.65,29.08833333,25.9,25.4,25.05
2026/5/20 14:00,23.9,25.1,25.5,26.2,28.34833333,25.5,25.64366667,26.47275748,28.70616667,29.187,25.9,25.5,24.83283333
2026/5/20 15:00,23.3,25.1,25.4,26,27.2,25.4,25.3,26.4,28.25,29.013,25.75,25.5,24.75
2026/5/20 16:00,23,25.11533333,25.51433333,26.1,27.7,25.5,25.14233333,26.485,28.48233334,28.9,25.8,25.44466667,24.93933334
2026/5/20 17:00,22.9,25.11533333,25.5,25.846,27.43366667,25.5,25,26.4,28.191,28.8,25.74654606,25.34466667,25.38033334
2026/5/20 18:00,22.1,24.817,25.4,25.5,27.3,25.5,24.982,26.4,27.891,28.7,25.508,25.2,26.3955
2026/5/20 19:00,21.5,24.6,25.2,25.5,27.4,26,25.341,26.28366667,27.44183334,28.5,25.25,25.1,26.71916667
2026/5/20 20:00,20.5,24.4,25.117,25.3,27.4,26.1,25.87959866,26.28233333,27.2,28.3,25.15433334,25,26.85
2026/5/20 21:00,20.1,24.3,24.9,25.1,27.3,26.1,26.1,26.11766667,27.0925,28.1,25.1095,24.84766667,26.85
2026/5/20 22:00,20,24.2,24.9,25.152,27.3,26.2,26.33866667,26.281,26.9925,28,24.9595,25,26.85
2026/5/20 23:00,19.9,24.2,24.8,25.124,27.3,26.2,26.4,26.1,26.9,27.91833333,25.73966667,24.94933333,26.85
2026/5/21 0:00,19,23.9,25,25.2,27.2,26.2,26.53733333,26.17966667,26.80666667,28.38033333,25.98966667,25.1,26.89333334
2026/5/21 1:00,18,23.72133333,24.9,25.2,27.2,26.2,26.53733333,26.1,26.75,28.7,26.05,25,26.817
2026/5/21 2:00,17.6,23.523,24.879,25.2,27.1,26.2,26.636,26.15666667,26.7,28.8,26.239,25,26.85
2026/5/21 3:00,17.4,23.3,24.7,25.1,27.058,26.2,26.6,26,26.5715,28.8,26.25,25,26.75
2026/5/21 4:00,17.2,23.12433333,24.7,25.1,27,26.13245902,26.73466667,26.077,26.55,28.8,26.27016667,25,26.758
2026/5/21 5:00,15.9,22.92433333,24.5,25,26.94333333,26.1,26.7,26,26.5,28.9,26.3,24.9,26.742
2026/5/21 6:00,16.9,22.8,24.52333333,25.2,27,26.2,26.73333333,25.97566667,26.5545,29,26.3,24.9,26.85
2026/5/21 7:00,18.4,23.07433333,24.5,25.44086379,27.3,26.23033333,26.76666667,25.97566667,26.85,29.1,26.35,25,27.015
2026/5/21 8:00,20.1,23.5,24.5,25.4,27.545,26.2,26.83187919,26.04866667,27.20366667,29.3,26.30983334,24.9,27.25
2026/5/21 9:00,21.5,23.7,24.5,25.53933333,27.7,26.129,26.86766667,26,27.55,29.5,25.82478758,24.9,27.15
2026/5/21 10:00,22.3,24.1,24.8,25.7,27.4,26.3,25.23056478,26.073,27.812,28.52666667,25.6,25,27.26366667
2026/5/21 11:00,23.3,24.4,24.9,25.9,27.6,26.5,24.8,25.973,28.54083334,28.2,25.6,25.141,27.6035
2026/5/21 12:00,24.2,24.7,25.3,26.1,28.1,26.7,25.88729097,26.17166667,29.23716667,28.628,25.6115,25.3,28
2026/5/21 13:00,24.8,24.76966667,25.4,26.3,28,27,26.37066667,26.37166667,29.701,28.428,25.65,25.5,28.2
2026/5/21 14:00,25.3,24.9,25.5,26.4,27.45,27.1,26.1,26.5,29.094,27.9,25.6,25.6,28.11033333
2026/5/21 15:00,25.3,24.932,25.4,26.4,27.352,27.2,25.4,26.4,28.02783334,28.3,25.34354305,25.5,27.01133334
2026/5/21 16:00,25,25,25.5,26.5,27.4,26.27565789,25.3,26.46889632,28.55033334,28.8,25.2835,25.6,26.75
2026/5/21 17:00,24.8,25,25.4,26.4,27.3,26.72333333,25.1,26.4,28.07066667,28.8,25.35,25.3,26.4115
2026/5/21 18:00,24.3,25,25.531,26.33410982,27.3,27,25.1,26.46744186,27.4515,28.8,25.3,25.3,26.31266667
2026/5/21 19:00,23.9,25,25.4,26.2,27.6,27,24.97466667,26.3,27.255,28.732,25.3,25.2,27.061
2026/5/21 20:00,23,24.8,25.4,26.17033333,27.5,26.9,24.924,26.366,26.85,28.6,25.35,25.2,27.3
2026/5/21 21:00,22.6,24.7,25.3,26,27.5,26.9,25.3,26.4,26.843,28.3,25.25,25.2,27.35
2026/5/21 22:00,22.4,24.7,25.33333333,25.97166667,27.4,26.8,25.84533333,26.46466667,26.5325,28.2,25.11916667,25.1,27.26416667
2026/5/21 23:00,22,24.6,25.2,25.77166667,27.4,26.8,26.1,26.4,26.64683334,28.5,25.2,25.06833333,27.25
2026/5/22 0:00,21.6,24.5,25.3,25.52666667,27.4,26.7,26.32133333,26.4,26.55,28.9,25.13,25.1,27.21483334
2026/5/22 1:00,21.4,24.5,25.2,25.6,27.4,26.7,26.4,26.33666667,26.37666667,28.964,25.1,25.03,27.15
2026/5/22 2:00,21.2,24.4,25.3,25.7,27.4,26.7,26.52006689,26.362,26.29616667,29,25.07066667,25.07233333,27.15816667
2026/5/22 3:00,20.9,24.3,25.13566667,25.47466667,27.4,26.7,26.6,26.3,26.45,29,25.73289474,25.2,27.15
2026/5/22 4:00,20.2,24.24233333,25.2,25.4,27.4,26.6,26.719,26.36066667,26.45,29.1,26.05,25.3,27.15
2026/5/22 5:00,19.9,24.2,25.1,25.4,27.4,26.515,26.7,26.3,26.36716667,29.1,26.3,25.3,27.13383334
2026/5/22 6:00,18.8,23.4,25.03833333,25.3,27.2,26.5,26.73533333,26.35933333,25.99466667,29,26.4,25.4,27.15983334
2026/5/22 7:00,18,22.65633333,24.63833333,25.1,27,26.4,26.8,26.24066667,25.70616667,28.84,26.477,25.18766667,27.1
2026/5/22 8:00,17.1,22.5,24.53966667,24.88,26.8,26.3,26.81633333,26.258,25.58766667,28.9,26.527,25.17733333,27.05
2026/5/22 9:00,17.1,23.20933333,24.3,24.8,26.46666667,26.3,26.28366667,26.142,25.79283334,29,26.6,25.2,26.67766667
2026/5/22 10:00,17.1,23,24.2,24.68133333,25.53333333,26.2,25.4,26.21333333,25.65730897,28.243,26.42366667,25.3,26.08633334
2026/5/22 11:00,17.1,22.84766667,24,24.6,25.469,26.3,25,25.54333333,25.65816667,27.6,25.75,25.121,25.7545
2026/5/22 12:00,17.1,22.8,24.1,24.5,25.4,26.3,25.01366667,25.35533333,25.55816667,27.4,25.42066667,25.1,25.631
2026/5/22 13:00,17.1,22.6,23.8,24.383,25.97033333,26.4,25.2,25.1,25.45,27.7,25.32875817,24.981,25.65
2026/5/22 14:00,17.2,22.7,23.8,23.6,25.52966667,26.5,24.81237458,25.354,25.491,27.6,25.12483334,24.8,25.54616667
2026/5/22 15:00,19,23,23.95666667,24.41566667,25.52833333,26.6,25,25.4,26.5225,27.95433333,25.12779606,24.8,25.75766667
2026/5/22 16:00,20,23.352,24.3,24.5,25.9,26.7,24.82266667,25.55266667,26.90091667,28.2,25.15,24.8,25.7205
2026/5/22 17:00,21.3,23.5,24.3,24.41433333,26.2,26.8,24.61133333,25.9,26.7,28.4,25.07697369,24.48466667,25.9
2026/5/22 18:00,19.9,23.5,24.5,24.7,26.2,26.9,24.75529801,26.20232558,26.68916667,28.4,24.9,24.6,26.32883334
2026/5/22 19:00,18.8,23.35366667,24.3,24.6,26.3,26.89466667,24.7,26.3,26.38916667,28.3,24.8,24.5,26.6
2026/5/22 20:00,17.3,23,24.2,24.411,26.4,26.7,24.60866667,26.1,26.1,28.6,24.7,24.3,26.85
2026/5/22 21:00,17.2,22.9,23.94733333,24.5,26.4,26.5,24.5,25.7,25.95,28.1,24.55,24.2,26.8
2026/5/22 22:00,18.1,22.9,23.9,24.3,26.47666667,26.5,25.20735786,25.64833333,25.85,27.602,25.22516667,24.3,26.79883334
2026/5/22 23:00,18.5,22.8,23.8,24.10996678,26.4,26.4,25.50766667,25.65166667,25.8,26.151,24.50433114,24.29,26.7
2026/5/23 0:00,18.5,22.5,24.14966667,24.3,26.4,26.3,25.80633333,25.747,25.5635,26.79533333,24.07916667,24.2,26.7
2026/5/23 1:00,18.2,22.458,24.1,24.3,26.4,26.3,25.9,25.7,25.5,27.94766667,23.82598039,24.1,26.6
2026/5/23 2:00,18.2,22.4,24.2,24.5,26.37966667,26.20098684,26,25.74566667,25.5145,28.4,23.7,24.1,26.65033334
2026/5/23 3:00,17.1,22.2,24,24.5,26.3,26.2,26,25.7,25.49233334,28.6,23.77302632,24.1,26.6
2026/5/23 4:00,16.7,21.861,24.1,24.5,26.2,26.2,26.00733333,25.74433333,25.4,28.7,24.68633334,24.1,26.6
2026/5/23 5:00,15.7,21.6,23.85233333,24.4,26.18233333,26.2,26.09633333,25.7,25.35,28.74466667,25.05,23.9,26.5
2026/5/23 6:00,16.9,21.8,24,24.5,26.2,26.1,26.2,25.743,25.416,28.8,25.35,23.90433333,26.57533334
2026/5/23 7:00,18.8,22.1,24.04633333,25.003,26.6,26.2,26.2,25.7,25.65,29.1,25.55,24,26.72425
2026/5/23 8:00,19.7,22.836,24.3,25.5,26.8,26.3,26.301,25.74166667,26.08283334,29.3,25.7,24.2,27.07166667
2026/5/23 9:00,21.1,23,24.14533333,25.6,26.9,26.3,26.4,25.7,26.53716667,29.4,25.9,24.2,27.274
2026/5/23 10:00,21.7,23.4,24.556,25.9,27.1,26.39533333,26.5,25.74033333,27.846,29.6,26.02,24.4,27.55
2026/5/23 11:00,22.9,23.63433333,24.7,25.9,27.30616667,26.494,26.5,25.8,29.394,29.241,26.2,24.6,27.52333334
2026/5/23 12:00,23.7,23.8,24.85733333,26.1,27.5,26.8,26.59835526,25.93887043,30.12533334,29.9,26.35,24.79966667,27.7
2026/5/23 13:00,24.3,23.9,24.8,26.19933333,27.6,26.8,26.8,26,30.58866667,29.46033333,26.46907895,24.8,28.12266667
2026/5/23 14:00,24.8,24,25,26.3,27.7,26.8,26.9,26.03733333,31.058,29.338,26.55,24.99833333,28.1
2026/5/23 15:00,25.2,24.2,25,26.4,28.1,26.70866667,26.90266667,26.1,29.77283333,29.4,26.56842106,25,28
2026/5/23 16:00,25.6,24.3,25.25966667,26.495,27.9,26.9,27,26.2,29.01816667,29.5,26.08216667,25,28.005
2026/5/23 17:00,25.7,24.3,25.2,26.5,27.99233333,27,27,26.2,28.52093024,29.5,25.71856798,24.996,28
2026/5/23 18:00,25.3,24.3,25.3,26.5,27.79266667,27,27,26.13488372,27.992,29.53533333,25.45,25,27.95
2026/5/23 19:00,24.8,24.2,25.161,26.30666667,27.7,26.8,27,26.2,27.47166667,29.53533333,25.31283334,24.9,27.7295
2026/5/23 20:00,24,24.3,25.2,26.108,27.6,26.9,27,26.23333333,27.25,30,25.2,25,27.5
2026/5/23 21:00,23.3,24.2,25.1,26.1,27.6,27,26.9,26.2,27.12283334,30.1,25.65,24.9,27.38
2026/5/23 22:00,22.6,24.3,25.1,25.8,27.5,27,26.9,26.2,27,30.2,25.962,25,27.25
2026/5/23 23:00,22.4,24.3,25,25.7,27.59766667,26.91433333,26.9,26.1,26.95,30.3,26.261,25,27.15
2026/5/24 0:00,22,24.2,25.06466667,25.6,27.5,26.8,27,26.13066667,26.9,30.3,26.4,25,27.15
2026/5/24 1:00,21.5,24.2,25,25.6,27.5,26.6,27,26.13066667,26.9,30.3,26.55,25,27.1
2026/5/24 2:00,21,24.27866667,25.1,25.58737542,27.499,26.51566667,27,26.12933333,26.85,30.3,26.61016667,25.012,27.1
2026/5/24 3:00,21,24.2,24.9,25.4,27.20033333,26.5,27,26.1,26.85,30.33,26.66398027,25.1,27.0085
2026/5/24 4:00,21,24.1,24.96733333,25.3,27.29966667,26.5,27,26.128,26.8,30.4,26.75,25.1,27.05
2026/5/24 5:00,21,24.1,24.8,25.2,27.2,26.48166667,27,26.114,26.8,30.3,26.85,25.1,27
2026/5/24 6:00,21.2,24,24.9,25.18333333,27.1,26.5,27,26.12666667,26.8,30.27266667,26.93766667,25.00765391,27.05
2026/5/24 7:00,21.6,24,24.8,25.217,27.2,26.48,27,26.1,26.97316667,30.3,26.95,25.01533333,27.1
2026/5/24 8:00,22.2,24.1,24.9,25.2,27.4,26.5,27.08585526,26.12533333,27.05433334,30.3,27.06166667,25.1,27.25
2026/5/24 9:00,22.9,24.2,24.86966667,25.3,27.5,26.5,27.1,26.1,27.3225,30.4,27.1,25.01766667,27.31583334
2026/5/24 10:00,23.8,24.4,25.1,25.62,27.8,26.7,27.18453947,26.224,27.99,30.52466667,27.15666667,25.2,27.754
2026/5/24 11:00,24.4,24.5,25.1,25.9,28,27,26.6,26.2,28.17166667,30.7,27.3,25.1,27.96516667
2026/5/24 12:00,26.4,24.71366667,25.4,26.3,28.1,27.2,25.7,26.32266667,29.12833334,30.923,27.35,25.3,28.4
2026/5/24 13:00,27.8,24.9,25.47233333,26.7,28.3,27.376,25.31666667,26.4,31.137,31.2,27.45,25.47933333,28.8
2026/5/24 14:00,29,25,25.6,26.92266667,28.4,27.4,25.2,26.52133333,30.858,31.3,27.50166667,25.6,28.97616667
2026/5/24 15:00,28.8,25.1,25.6,27.22266667,28.49066667,27.32533333,25,26.5,30.3,31.4,26.08595834,25.6,29.1
2026/5/24 16:00,28.7,25.2,25.775,27.3,28.5,27.47466667,25,26.62,29.687,31.47966667,25.6,25.7,29.15
2026/5/24 17:00,28.4,25.1,25.6,27.3,28.5,27.5,24.9,26.6,29.23066667,31.5,25.2,25.6,29
2026/5/24 18:00,27.7,25.19133333,25.776,27.2,28.3,27.573,25.9,26.61866667,28.78066667,31,25,25.5625,28.85
2026/5/24 19:00,26.3,25.1,25.7,27,28.113,27.4,26.3,26.6,28.38133334,31.1,24.78959869,25.5,28.55
2026/5/24 20:00,25.6,25.1,25.8,26.5,28.01333333,27.5,26.5,26.6,28.1,31.28233333,24.84316667,25.12724252,28.35
2026/5/24 21:00,25.4,25.2,25.7,26.4,28,27.3,26.7,26.5,27.95,31.08233333,24.65,25,28.15725
2026/5/24 22:00,25.1,25.3,25.87866667,26.3,27.98533333,27.2,26.8,26.51571906,27.75,31,24.74433334,25,28.06516667
2026/5/24 23:00,25.2,25.3,25.7,26.2,27.916,27,26.8,26.5,27.65,31,24.65,24.9,28
2026/5/25 0:00,24.2,25.2,25.7,26.1,27.816,27,26.9,26.51461794,27.65,31,24.55,24.83066667,27.95
2026/5/25 1:00,23.4,25.096,25.5,26,27.61766667,26.9,26.9,26.5,27.54433334,31,25.35493421,25.2,27.9
2026/5/25 2:00,22.6,24.9,25.5,25.8,27.5,26.86766667,27,26.513,27.45,31.1,25.8,25.3,27.85
2026/5/25 3:00,22,24.7,25.3,25.5,27.5,26.86633333,27,26.4,27.33516667,30.9,26.09966667,25.13266667,27.75
2026/5/25 4:00,21.8,24.5,25.4,25.6,27.3,26.8,27,26.41166667,27.3615,30.9,26.3,25.3,27.75
2026/5/25 5:00,21.5,24.4,25.3,25.6,27.4,26.8,27.1,26.4,27.34733334,30.9,26.449,25.2,27.7
2026/5/25 6:00,21.3,24.4,25.4,25.6,27.4,26.8,27.1,26.41033333,27.35,30.8,26.50283334,25.2,27.69183334
2026/5/25 7:00,21.5,24.3,25.1,25.43533333,27.37766667,26.76333333,27.1,26.4,27.4,30.8,26.65,25.1,27.7
2026/5/25 8:00,21.7,24.4,25.185,25.3,27.5,26.7,27.2,26.409,27.6635,30.8,26.55016667,25,27.8
2026/5/25 9:00,21.7,24.39733333,25,25.3,27.22366667,26.7,27.2,26.4,27.7,30.80933333,25.9,25.1,27.1925
2026/5/25 10:00,21.6,24.5,25.1,25.23833333,26.52366667,26.6,25.83059211,27.00766667,27.18733334,29.992,25.75,25.061,26.57616667
2026/5/25 11:00,21.5,24.4,25,25.4,26.325,26.7,25.231,27.40766667,27.65,29.692,25.7,25.039,26.5
2026/5/25 12:00,21.6,24.5,25.18733333,25.5,26.6,26.7,25.4,27.60633333,27.7,29.5,25.6,25.05966667,26.46383334
2026/5/25 13:00,21.7,24.6,25.11266667,25.66,26.8,26.7,25.332,27.7,28.15,29.7,25.646,25.05966667,26.43
2026/5/25 14:00,22,24.6,25.18866667,25.54133333,26.16333333,25.7,24.66710526,27.105,28,29.7,26.145,25.042,26.3
2026/5/25 15:00,21.6,24.4,24.91133333,25.3,26.1,26.3,25,27.1,27.7,29.49466667,26.305,24.9,26.2
2026/5/25 16:00,20.9,24.20933333,24.9,25.2,26.1,26.358,25,27.1,27.46033334,29,26.25,24.8,26.22133334
2026/5/25 17:00,20.2,24.20933333,24.8,25.1,26,26.5,25,27.19633333,27.4095,28.5,26.15,24.7,26.17866667
2026/5/25 18:00,19.8,24.2,24.891,25.1,26.36966667,26.5,24.93552632,27.2,27.3095,28.14866667,26.05233334,24.9,26.00416667
2026/5/25 19:00,19.5,24.1,24.7,25,27,26.7,25.228,27,27.15766667,28.50266667,26.05,25.1,26.078
2026/5/25 20:00,19.3,23.9,24.7,24.9,27.13233333,26.8,25.23684211,26.90099668,27.1,28.5,25.7065,25.1,26.37733334
2026/5/25 21:00,18.6,23.613,24.50766667,24.9,27,26.9,24.9,26.7,26.95,28.3,25.55,25.1,26.62733334
2026/5/25 22:00,18.4,23.6,24.59366667,24.8,26.6,26.74666667,24.7,26.7,26.91816667,28.3,25.45,25.1,26.8
2026/5/25 23:00,17.6,23.3,24.4,24.748,26.2,26.6,24.861,26.5,26.85,28.1,25.25,24.9,26.80266667
2026/5/26 0:00,17.4,23.01566667,24.695,24.95033333,26.5,26.5,25.5,26.5,26.8,28.9,25.108,24.8,26.9
2026/5/26 1:00,16.8,22.816,24.5,25,26.4,26.4,25.8,26.402,26.7,29.3,25.295,24.8,26.9
2026/5/26 2:00,16.5,22.9,24.59633333,25,26.4,26.3,26,26.3,26.65,29.4,25.74433334,24.9,26.9
2026/5/26 3:00,16.5,22.717,24.40366667,25,26.4,26.3,26.2,26.3,26.6,29.5,25.95,24.8,26.87533334
2026/5/26 4:00,16.5,22.7,24.5,25,26.039,26.2,26.3,26.2,26.6,29.6,26,24.9,26.89933334
2026/5/26 5:00,16.5,22.7,24.4,24.9,25.9,26.1,26.3,26.2,26.52066667,29.6,26.1,24.95333333,26.8
2026/5/26 6:00,17.8,22.67966667,24.4,25.1,26.08133333,26.1,26.4,26.2,26.5835,29.7,26.16016667,24.94533333,26.92383334
2026/5/26 7:00,19,23.1,24.5,25.6,26.258,26.1,26.5,26.2,27.004,29.894,26.15,25.05466667,27.25
2026/5/26 8:00,20.2,23.8,24.6,25.7,26.542,26.2,26.6,26.2,27.358,30.1,26.15,25.1,27.55
2026/5/26 9:00,21.3,23.878,24.8,26,26.9,26.2,26.7,26.3,27.8,29.80733333,26.3115,25.2,27.35
2026/5/26 10:00,22.2,24.176,25.09732441,26.2,26.5,26.6,26.09144737,26.20855263,28.44666667,29.31733333,25.84133334,25.25833333,26.8
2026/5/26 11:00,23.7,24.3,25,26.15766667,26.855,26.8,25.3,26.00866667,28.008,28.9,25.75,25.3,26.65
2026/5/26 12:00,24,24.4,25.19698997,26.2,27.155,26.7,25,25.99013158,28.55266667,28.6,25.65933334,25.4,26.7
